0,0,0
-0.846329391,-1.13708901,0.186303943
-0.846329391,-1.13708901,0.186303943
-0.84605664,-1.13722348,0.185553282
-0.84578383,-1.1373589,0.184802622
-0.845361471,-1.13735318,0.185795441
-0.845361471,-1.13735318,0.185795441
-0.845634222,-1.13721871,0.186546132
-0.845634222,-1.13721871,0.186546132
-0.845361471,-1.13735318,0.185795441
-0.84508872,-1.13748717,0.185044765
-0.844815969,-1.13762164,0.184294075
-0.844270468,-1.13789058,0.182792693
-0.84422487,-1.13805437,0.180378899
-0.844374299,-1.13812733,0.178635716
-0.843555927,-1.13840246,0.176383853
-0.843283176,-1.13849401,0.175633222
-0.843828738,-1.13831139,0.177134469
-0.843555927,-1.13840246,0.176383853
-0.843283176,-1.13849401,0.175633222
-0.843010366,-1.13858557,0.174882606
-0.842737615,-1.13867807,0.174131975
-0.842467904,-1.13883388,0.173205987
-0.838448167,-1.13959205,0.172912598
-0.837753356,-1.13968027,0.173154175
-0.836633265,-1.13973904,0.174563572
-0.835243523,-1.13995838,0.175046787
-0.836211026,-1.13975668,0.175556093
-0.839113712,-1.139153,0.177083641
-0.836633265,-1.13973904,0.174563572
-0.834970951,-1.14004993,0.174295843
-0.834701419,-1.14019096,0.173369512
-0.83539623,-1.1401037,0.173127979
-0.83539623,-1.1401037,0.173127979
-0.834756494,-1.14049816,0.17153056
-0.834483862,-1.14071178,0.170779645
-0.833665907,-1.14135265,0.168526888
-0.832763791,-1.14167082,0.16725716
-0.831251323,-1.14215386,0.165245488
-0.829589427,-1.14229548,0.164976805
-0.830978692,-1.14231932,0.1644945
-0.830978692,-1.14231932,0.1644945
-0.831251323,-1.14215386,0.165245488
-0.831523895,-1.14198887,0.165996477
-0.831523895,-1.14198887,0.165996477
-0.829589427,-1.14229548,0.164976805
-0.827245474,-1.14327836,0.160697997
-0.826700389,-1.14362359,0.159195825
-0.827122271,-1.14380431,0.1582039
-0.825882733,-1.14414048,0.156942576
-0.823403716,-1.14481425,0.154419556
-0.820379317,-1.14568174,0.150461137
-0.81769526,-1.14626384,0.147251025
-0.815366447,-1.14691329,0.142983437
-0.814821541,-1.14713502,0.141480818
-0.814549088,-1.14724517,0.140729502
-0.813837707,-1.1472367,0.140219495
-0.813837707,-1.1472367,0.140219495
-0.814821541,-1.14713502,0.141480818
-0.815093994,-1.14702439,0.14223212
-0.815366447,-1.14691377,0.142983437
-0.815366447,-1.14691377,0.142983437
-0.81578809,-1.14703918,0.141992062
-0.815243185,-1.1472609,0.140489504
-0.815093994,-1.14702439,0.14223212
-0.814531744,-1.14734113,0.139979526
-0.813441932,-1.14764345,0.13697429
-0.811921537,-1.14675963,0.133373842
-0.809320688,-1.144611,0.128354073
-0.80862695,-1.14457428,0.128593475
-0.807116032,-1.14363253,0.126578644
-0.808924675,-1.14344132,0.125109419
-0.808652282,-1.14313996,0.124358103
-0.804870725,-1.14230978,0.120998114
-0.804325938,-1.14207566,0.119495295
-0.802815199,-1.14177048,0.117479973
-0.8019979,-1.14149368,0.115060598
-0.801453173,-1.14138639,0.113557711
-0.800908387,-1.1412791,0.112054825
-0.800373971,-1.14116967,0.110562198
-0.799829185,-1.14105284,0.109059311
-0.797204554,-1.14100277,0.108271882
-0.797897875,-1.14098036,0.108033396
-0.797080815,-1.14080346,0.105778866
-0.794606447,-1.14094722,0.106490724
-0.793517292,-1.14093196,0.103484295
-0.795743525,-1.14016974,0.0977876559
-0.793230176,-1.14065766,0.0939950794
-0.791720152,-1.14113975,0.0919784456
-0.790878832,-1.14122701,0.0939571932
-0.790878832,-1.14122701,0.0939571932
-0.790334225,-1.14144683,0.0924540386
-0.789096653,-1.14181972,0.0911886245
-0.78924495,-1.14188504,0.0894477442
-0.791619897,-1.14155698,0.0852537677
-0.791495502,-1.14173245,0.0827620998
-0.790950656,-1.14195228,0.0812593475
-0.789584041,-1.14215386,0.079391636
-0.789039254,-1.14221632,0.0778888166
-0.797414184,-1.14137232,0.0717634186
-0.796301544,-1.14129555,0.0729886144
-0.797266781,-1.1413604,0.0735025257
-0.796574116,-1.14131367,0.0737396702
-0.7947281,-1.14127147,0.0742139667
-0.79588151,-1.14126647,0.0739768073
-0.796154082,-1.14128363,0.0747278929
-0.79747951,-1.1414088,0.0760811567
-0.79711926,-1.14134848,0.0752417669
-0.797539353,-1.14137852,0.0742535442
-0.800037324,-1.14154923,0.0725539625
-0.802895546,-1.14182603,0.0716937408
-0.803168237,-1.14188945,0.0724444985
-0.801149905,-1.14162552,0.0713288635
-0.802895546,-1.14182603,0.0716937408
-0.802622855,-1.14176309,0.0709429905
-0.80220288,-1.1417588,0.0719308853
-0.804008067,-1.14189756,0.0704687759
-0.804427922,-1.14190233,0.0694810078
-0.80677855,-1.14216745,0.0695203394
-0.80677855,-1.14216745,0.0695203394
-0.808163822,-1.14230192,0.0690461248
-0.808856428,-1.14236963,0.0688090175
-0.810661376,-1.14250886,0.0673473328
-0.811920285,-1.14252126,0.0643853247
-0.814144433,-1.14266527,0.0619371571
-0.813871443,-1.14260137,0.0611870252
-0.814290881,-1.14260519,0.0602000505
-0.815337896,-1.14276862,0.0607127994
-0.816722929,-1.14296174,0.0602390431
-0.818800449,-1.1432507,0.0595284104
-0.818545818,-1.14288116,0.05462173
-0.818818986,-1.14297986,0.0553715639
-0.818545818,-1.14288116,0.05462173
-0.82104224,-1.14313531,0.0529252999
-0.824085116,-1.1435883,0.0527282804
-0.824085116,-1.1435883,0.0527282804
-0.823392689,-1.14350009,0.052964963
-0.825050831,-1.14377713,0.0532411411
-0.824358404,-1.14368796,0.0534778535
-0.823246837,-1.14361072,0.0547009185
-0.824358404,-1.14368796,0.0534778535
-0.824085116,-1.1435883,0.0527282804
-0.826308012,-1.1437428,0.0502826758
-0.830043316,-1.14428496,0.0498488769
-0.832120538,-1.14455009,0.0491389297
-0.831428111,-1.14446235,0.0493755788
-0.830462277,-1.14427352,0.0488629825
-0.830188811,-1.14417338,0.048113741
-0.829496443,-1.14408565,0.048350323
-0.829915345,-1.14407372,0.0473644957
-0.829222977,-1.14398503,0.0476010442
-0.829641879,-1.14397407,0.0466152504
-0.828285575,-1.14365733,0.043353837
-0.826755583,-1.14350092,0.0455616787
-0.826453626,-1.14363074,0.0485472456
-0.827145934,-1.14371943,0.0483106934
-0.827419341,-1.14381957,0.049060069
-0.827419341,-1.14381957,0.049060069
-0.827838302,-1.14380765,0.0480741449
-0.827291429,-1.14360785,0.0465754606
-0.828402638,-1.1436851,0.0453532152
-0.828402638,-1.1436851,0.0453532152
-0.828676105,-1.14378524,0.046102494
-0.829094946,-1.14377332,0.0451167636
-0.827174485,-1.14356482,0.0445759185
-0.827866733,-1.14359295,0.0443395004
-0.827593267,-1.14362919,0.0435902216
-0.824550867,-1.14355576,0.0437863581
-0.822218418,-1.14374697,0.0395260639
-0.821252882,-1.14375603,0.039012745
-0.82070595,-1.14390802,0.037386097
-0.821124673,-1.14403582,0.0364005975
-0.819612563,-1.14424849,0.0343881994
-0.818228483,-1.14416313,0.0348600522
-0.818629622,-1.14377928,0.0380942672
-0.818629622,-1.14377928,0.0380942672
-0.817664266,-1.14382172,0.0375807211
-0.817664266,-1.14382172,0.0375807211
-0.817664266,-1.14382172,0.0375807211
-0.818228483,-1.14416313,0.0348600522
-0.817664266,-1.14382172,0.0375807211
-0.817664266,-1.14382172,0.0375807211
-0.816747308,-1.14413154,0.035236802
-0.815782011,-1.14424646,0.0347230881
-0.81716603,-1.14428699,0.0342513025
-0.815508723,-1.1443814,0.0339734517
-0.815235436,-1.1445173,0.0332238153
-0.813666463,-1.14420485,0.0346822292
-0.813393235,-1.14430785,0.0339324921
-0.815090001,-1.14422596,0.0349589847
-0.815782011,-1.14424646,0.0347230881
-0.815380871,-1.14480817,0.0314887762
-0.815107584,-1.14494407,0.0307391714
-0.815799534,-1.14496362,0.0305034425
-0.816346109,-1.14469278,0.0320025869
-0.816072822,-1.1448282,0.0312530138
-0.817038119,-1.14471328,0.0317667909
-0.817730069,-1.14473379,0.0315309986
-0.817875326,-1.14502466,0.0297962558
-0.81924206,-1.1443485,0.033543624
-0.818276703,-1.14446342,0.0330300108
-0.818276703,-1.14446342,0.0330300108
-0.818276703,-1.14446342,0.0330300108
-0.818276703,-1.14446342,0.0330300108
-0.818276703,-1.14446342,0.0330300108
-0.818276703,-1.14446342,0.0330300108
-0.818003416,-1.14459884,0.0322805047
-0.820224524,-1.14495122,0.0298384447
-0.818003416,-1.14459884,0.0322805047
-0.818276703,-1.14446342,0.0330300108
-0.818276703,-1.14446342,0.0330300108
-0.817584753,-1.14444244,0.0332658701
-0.817584753,-1.14444244,0.0332658701
-0.817584753,-1.14444244,0.0332658701
-0.81785804,-1.14430797,0.0340154096
-0.81785804,-1.14430797,0.0340154096
-0.81785804,-1.14430797,0.0340154096
-0.816619396,-1.14455783,0.03275216
-0.81785804,-1.14430797,0.0340154096
-0.81647402,-1.14426696,0.0344871953
-0.816747308,-1.14413154,0.035236802
-0.817117691,-1.14399242,0.0360815115
-0.817584753,-1.14444244,0.0332658701
-0.818228483,-1.14416313,0.0348600522
-0.818083048,-1.14394999,0.0365951248
-0.816698909,-1.14386415,0.0370671079
-0.816055238,-1.14411056,0.0354727283
-0.81785804,-1.14430797,0.0340154096
-0.817390978,-1.14390707,0.0368311144
-0.817117691,-1.14399242,0.0360815115
-0.818228483,-1.14416313,0.0348600522
-0.81716603,-1.14428699,0.0342513025
-0.81785804,-1.14430797,0.0340154096
-0.817584753,-1.14444244,0.0332658701
-0.81785804,-1.14430797,0.0340154096
-0.81716603,-1.14428699,0.0342513025
-0.81647402,-1.14426696,0.0344871953
-0.816747308,-1.14413154,0.035236802
-0.81647402,-1.14426696,0.0344871953
-0.815927446,-1.14453733,0.0329879858
-0.816892743,-1.14442241,0.0335017331
-0.817584753,-1.14444244,0.0332658701
-0.815927446,-1.14453733,0.0329879858
-0.816346109,-1.14469278,0.0320025869
-0.817038119,-1.14471328,0.0317667909
-0.818003416,-1.14459884,0.0322805047
-0.81716603,-1.14428699,0.0342513025
-0.81716603,-1.14428699,0.0342513025
-0.81647402,-1.14426696,0.0344871953
-0.819612563,-1.14424896,0.0343881994
-0.81988591,-1.14416361,0.0351376757
-0.817038119,-1.14471328,0.0317667909
-0.818148673,-1.14488971,0.0305457301
-0.818148673,-1.14488971,0.0305457301
-0.818567276,-1.14504516,0.0295605268
-0.818567276,-1.14504516,0.0295605268
-0.819259226,-1.14506614,0.0293247979
-0.818439066,-1.14547145,0.027076574
-0.818439066,-1.14547145,0.027076574
-0.819822848,-1.14551246,0.0266053136
-0.822026968,-1.14514768,0.0283818822
-0.823410809,-1.14518821,0.0279104244
-0.823282242,-1.1456145,0.0254271608
-0.823974133,-1.14563501,0.0251915306
-0.827385962,-1.14544392,0.0258421414
-0.827433586,-1.14573753,0.0240133796
-0.828543723,-1.14591348,0.0227932036
-0.8296538,-1.14608896,0.021573158
-0.830763817,-1.14626539,0.0203532446
-0.832564831,-1.14642107,0.0191589333
-0.835025311,-1.14639366,0.0174684301
-0.836970925,-1.14642513,0.0142812943
-0.838498354,-1.146438,0.0120785423
-0.841682971,-1.14636648,0.010153871
-0.842792392,-1.14636219,0.00893523823
-0.843484044,-1.14633977,0.00870000105
-0.843574643,-1.14631486,0.00926434807
-0.844540417,-1.14611268,0.00977710728
-0.844540417,-1.14611268,0.00977710728
-0.844266355,-1.14624906,0.0090290783
-0.844540417,-1.14611268,0.00977710728
-0.844266355,-1.14624906,0.0090290783
-0.845923901,-1.14598203,0.00930650346
-0.847581446,-1.145715,0.00958379731
-0.849239111,-1.14544845,0.00986095984
-0.849930882,-1.14538312,0.00962559134
-0.852280378,-1.14505029,0.00966718886
-0.852137029,-1.14484286,0.0113980575
-0.850348413,-1.14545417,0.00864245743
-0.850074232,-1.14559054,0.00789469108
-0.849525809,-1.14586329,0.00639915792
-0.849525809,-1.14586329,0.00639915792
-0.84938252,-1.14565587,0.00812999252
-0.847855568,-1.1455791,0.010331695
-0.845923901,-1.14598203,0.00930650346
-0.848677993,-1.1451695,0.012575388
-0.847568512,-1.14516377,0.0137942843
-0.848116696,-1.1448915,0.015290211
-0.847698927,-1.14481997,0.0162737723
-0.84729439,-1.14530015,0.0130463205
-0.849082649,-1.1446898,0.0158025771
-0.850048661,-1.1444881,0.0163148772
-0.849082649,-1.1446898,0.0158025771
-0.849356771,-1.14455342,0.0165505074
-0.849356771,-1.14455342,0.0165505074
-0.849082649,-1.1446898,0.0158025771
-0.848116696,-1.1448915,0.015290211
-0.848808527,-1.1448257,0.0150546469
-0.849226236,-1.14489722,0.0140711842
-0.8477121,-1.1453712,0.012062924
-0.848129749,-1.14544272,0.0110795926
-0.848129749,-1.14544272,0.0110795926
-0.848129749,-1.14544272,0.0110795926
-0.8477121,-1.1453712,0.012062924
-0.848821521,-1.1453774,0.0108441925
-0.847855568,-1.1455791,0.010331695
-0.847163856,-1.14564395,0.0105670625
-0.848129749,-1.14544272,0.0110795926
-0.8477121,-1.1453712,0.012062924
-0.846458912,-1.14515805,0.015013312
-0.84618485,-1.14529443,0.0142652821
-0.84507525,-1.14528871,0.0154843759
-0.845349252,-1.14515233,0.0162324701
-0.844657421,-1.14521718,0.0164680351
-0.84396553,-1.14528346,0.0167036001
-0.842581809,-1.14541364,0.0171747301
-0.842855811,-1.14527726,0.0179229546
-0.841889977,-1.14547944,0.0174102932
-0.84216392,-1.14534259,0.0181585532
-0.841889977,-1.14547944,0.0174102932
-0.841889977,-1.14547944,0.0174102932
-0.841198146,-1.14554429,0.0176458582
-0.84216392,-1.14534259,0.0181585532
-0.842581809,-1.14541364,0.0171747301
-0.843259394,-1.14481604,0.0211715996
-0.841457486,-1.14489043,0.0226271432
-0.839107752,-1.14522231,0.0225859731
-0.837450087,-1.14548647,0.0223089084
-0.835100532,-1.14581835,0.022267377
-0.834134877,-1.14601529,0.0217543878
-0.832518339,-1.14616919,0.0207260009
-0.830763817,-1.14626539,0.0203532446
-0.82910651,-1.14635932,0.0200754572
-0.827866614,-1.14655793,0.0190741643
-0.826627553,-1.14664042,0.0178117678
-0.825388551,-1.14672244,0.0165492371
-0.822219133,-1.14689791,0.0142589565
-0.820281625,-1.14721036,0.0113463048
-0.818077862,-1.14764571,0.0095689483
-0.816839337,-1.14792132,0.00830553286
-0.814362407,-1.14847159,0.0057783071
-0.812653422,-1.14890289,0.00301520433
-0.81130451,-1.14921319,0.00164186535
-0.810339749,-1.1494211,0.00112707005
-0.808134079,-1.14994478,-0.000457467046
-0.807587266,-1.15011978,-0.00195628311
-0.806075931,-1.15045166,-0.00397025561
-0.804982483,-1.15080023,-0.0069680186
-0.805400193,-1.1508193,-0.00795154739
-0.802920461,-1.15116763,-0.0128377257
-0.804864168,-1.15107465,-0.0160210859
-0.804734766,-1.15110183,-0.018502675
-0.804317296,-1.15111899,-0.017519705
-0.80487895,-1.15105331,-0.0201090388
-0.807081044,-1.15095973,-0.0184544791
-0.80446136,-1.15112424,-0.0192519519
-0.805152416,-1.15107858,-0.0193597954
-0.806116641,-1.15102172,-0.0189699959
-0.805987179,-1.15091884,-0.0213254057
-0.807095408,-1.15078437,-0.0225416441
-0.806131065,-1.15081441,-0.0230572596
-0.806821883,-1.15076005,-0.0232907552
-0.807239175,-1.15068042,-0.0242733322
-0.808203518,-1.15065038,-0.0237577483
-0.807786226,-1.15073049,-0.0227751732
-0.807368934,-1.15081012,-0.021792531
-0.808059812,-1.15075529,-0.0220260937
-0.806821883,-1.15076005,-0.0232907552
-0.806404531,-1.15083969,-0.0223081149
-0.806404531,-1.15083969,-0.0223081149
-0.807368934,-1.15081012,-0.021792531
-0.808477104,-1.15067565,-0.0230087023
-0.810823262,-1.15053594,-0.0229603406
-0.812204957,-1.15042722,-0.0234274659
-0.811657667,-1.15037715,-0.0249252301
-0.812348545,-1.15032232,-0.0251587275
-0.811931312,-1.15040195,-0.024176348
-0.812478602,-1.15045106,-0.022678582
-0.813169479,-1.1503967,-0.0229121782
-0.812752247,-1.15047681,-0.0219296999
-0.813716829,-1.1504463,-0.0214144774
-0.815444052,-1.15046871,-0.0218822956
-0.81724304,-1.15059173,-0.0233319644
-0.81835109,-1.15064991,-0.0245478395
-0.821531653,-1.15090454,-0.0264642704
-0.823984981,-1.15094697,-0.0277088322
-0.826748431,-1.1509217,-0.0286430791
-0.830202758,-1.15089118,-0.0298108906
-0.832275331,-1.15087259,-0.0305115767
-0.832549453,-1.15078533,-0.0297636464
-0.834323645,-1.15067124,-0.0304608848
-0.836253822,-1.15018773,-0.0294325408
-0.836253822,-1.15018773,-0.0294325408
-0.836528003,-1.15005851,-0.0286847744
-0.840388775,-1.14909244,-0.0266290084
-0.841114342,-1.14897072,-0.0249532331
-0.841256797,-1.14897025,-0.0266823266
-0.842913091,-1.14879572,-0.0264024399
-0.845951498,-1.14848149,-0.0265904646
-0.84913218,-1.14816678,-0.0285071582
-0.852587223,-1.14781678,-0.0296764467
-0.855712891,-1.14761221,-0.0298649911
-0.858060658,-1.14747059,-0.0298198145
-0.860408485,-1.14732993,-0.0297748353
-0.862206876,-1.14723408,-0.031223353
-0.86580348,-1.14704144,-0.0341197997
-0.866769314,-1.14697993,-0.033607237
-0.86787647,-1.14692366,-0.0348213725
-0.86870867,-1.14688933,-0.0367816649
-0.868849754,-1.14689553,-0.0385079719
-0.868574858,-1.14688933,-0.0391489975
-0.86940676,-1.14675248,-0.0411087647
-0.869547665,-1.14666808,-0.0428347103
-0.86940676,-1.14675248,-0.0411087647
-0.870654345,-1.14654744,-0.0440479256
-0.87203604,-1.14644349,-0.0445149839
-0.871760964,-1.1464268,-0.0452610105
-0.870379329,-1.14653075,-0.0447940193
-0.871485949,-1.14641058,-0.0460070372
-0.873746574,-1.14621651,-0.0459618159
-0.875268757,-1.14596045,-0.0481539667
-0.87457794,-1.14604294,-0.0479205362
-0.874162316,-1.14612925,-0.0469412096
-0.873746574,-1.14621651,-0.0459618159
-0.873196363,-1.14620697,-0.0474536717
-0.872042298,-1.14625657,-0.0487118475
-0.872646153,-1.14619792,-0.0489455275
-0.873061776,-1.14611113,-0.0499247909
-0.873477399,-1.14602387,-0.0509039834
-0.875830173,-1.14559472,-0.0550532751
-0.876105368,-1.14559996,-0.0543075763
-0.875414729,-1.1456815,-0.0540743768
-0.873342633,-1.14592803,-0.053374771
-0.873617828,-1.14593327,-0.0526289418
-0.87472403,-1.14576352,-0.0538411736
-0.873758137,-1.14584172,-0.0543537699
-0.874033332,-1.14584649,-0.0536079742
-0.875414729,-1.1456815,-0.0540743768
-0.875554919,-1.14559042,-0.0557989739
-0.875554919,-1.14559042,-0.0557989739
-0.875970364,-1.14550316,-0.0567777716
-0.875970364,-1.14550316,-0.0567777716
-0.87500453,-1.14558136,-0.0572903678
-0.875419855,-1.14549494,-0.0582732037
-0.876385748,-1.14541686,-0.0577565096
-0.876385748,-1.14541686,-0.0577565096
-0.877076387,-1.1453352,-0.0579936765
-0.877351642,-1.14533961,-0.0572439767
-0.876661003,-1.14542162,-0.0570108742
-0.875970364,-1.14550316,-0.0567777716
-0.873207808,-1.14583218,-0.0558453649
-0.874033332,-1.14584649,-0.0536079742
-0.87472403,-1.14576352,-0.0538411736
-0.87486428,-1.14567292,-0.0555658378
-0.875279725,-1.14558613,-0.056544669
-0.875695109,-1.14549887,-0.0575234368
-0.877491713,-1.14524984,-0.058972314
-0.880804837,-1.14492893,-0.0584135875
-0.883016527,-1.14459658,-0.0608366057
-0.88619405,-1.14418554,-0.0627469346
-0.887439191,-1.14393139,-0.0656810701
-0.887854159,-1.14384699,-0.0666589811
-0.887439191,-1.14393139,-0.0656810701
-0.88468051,-1.14408016,-0.068940796
-0.883802176,-1.14440858,-0.0729741007
-0.886311293,-1.14396703,-0.0745616034
-0.887877524,-1.14377344,-0.0765734091
-0.889697552,-1.14339304,-0.0775615498
-0.890201449,-1.14325082,-0.0766141936
-0.8934654,-1.14262903,-0.0759922042
-0.895721972,-1.14206517,-0.0783301517
-0.897540987,-1.14165938,-0.0796847641
-0.899864733,-1.14113104,-0.0797257125
-0.900741041,-1.14094126,-0.0815044492
-0.902812541,-1.14047396,-0.0822021589
-0.905136228,-1.1399461,-0.0822431594
-0.908588648,-1.139166,-0.0834060684
-0.911432385,-1.13863266,-0.0834474713
-0.914007902,-1.13872707,-0.0828321055
-0.917476475,-1.13878334,-0.0817715898
-0.919133663,-1.13877046,-0.0814934745
-0.919824064,-1.13878143,-0.0817261785
-0.919824064,-1.13878143,-0.0817261785
-0.918443203,-1.13876092,-0.0812607631
-0.91940999,-1.13873804,-0.0807500035
-0.920376778,-1.13871562,-0.0802393183
-0.921067238,-1.13872564,-0.0804720894
-0.921757698,-1.13873565,-0.0807048604
-0.922862232,-1.13878953,-0.0819137096
-0.920790911,-1.13875902,-0.0812154859
-0.922034085,-1.13870323,-0.0799614936
-0.923000991,-1.13868082,-0.0794509649
-0.924244285,-1.1386255,-0.0781972036
-0.923692346,-1.1387949,-0.0752117261
-0.922587514,-1.13891792,-0.0740022808
-0.92203486,-1.13876724,-0.0754891485
-0.920930028,-1.13888979,-0.0742797107
-0.920515716,-1.13898897,-0.0733031705
-0.920101404,-1.13908768,-0.0723265707
-0.919548929,-1.13936138,-0.0696295425
-0.919410706,-1.13953543,-0.067909047
-0.920586109,-1.13958073,-0.0643965602
-0.918651462,-1.1397748,-0.0612315871
-0.919203818,-1.13971472,-0.0597440004
-0.918789089,-1.13975525,-0.0587666109
-0.916440368,-1.13999891,-0.0588097535
-0.915610909,-1.14003408,-0.0569368824
-0.915748179,-1.13991344,-0.0544711836
-0.916024268,-1.1398524,-0.0537271574
-0.915194333,-1.13985288,-0.051771462
-0.913949311,-1.13985431,-0.0488374233
-0.913810134,-1.13979375,-0.0471150577
-0.913255751,-1.13973415,-0.0444142222
-0.912010014,-1.1397351,-0.0414788052
-0.910740376,-1.13982844,-0.0402649529
-0.910740376,-1.13982844,-0.0402649529
-0.9100492,-1.13994718,-0.0400307328
-0.910464525,-1.13991237,-0.0410094038
-0.911179364,-1.13973606,-0.0395215303
-0.910740376,-1.13982844,-0.0402649529
-0.910324991,-1.13986325,-0.0392862521
-0.910601199,-1.13977778,-0.0385772064
-0.910155952,-1.13979435,-0.0376292504
-0.909218729,-1.14000809,-0.0381086357
-0.909218729,-1.14000809,-0.0381086357
-0.90894258,-1.1401031,-0.0388177484
-0.906041741,-1.14071393,-0.0403489359
-0.907008648,-1.14051032,-0.0398384742
-0.906317472,-1.14063001,-0.0396042876
-0.905902386,-1.1406647,-0.0386608616
-0.90521121,-1.14077961,-0.0384266414
-0.905902386,-1.1406647,-0.0386608616
-0.905902386,-1.1406647,-0.0386608616
-0.904520035,-1.14089549,-0.0381924249
-0.904935181,-1.14086938,-0.039135918
-0.90465945,-1.14095378,-0.0398806296
-0.904799163,-1.14100242,-0.0416041426
-0.903692603,-1.14115691,-0.0403912216
-0.903553188,-1.14110816,-0.0387029834
-0.904104531,-1.14091313,-0.0372134261
-0.902030885,-1.14125931,-0.0365106724
-0.898159206,-1.14185345,-0.0343600884
-0.897052288,-1.14198697,-0.0331463777
-0.895254016,-1.1422354,-0.0316981897
-0.896080375,-1.14194262,-0.0294624735
-0.895664454,-1.14196026,-0.0284827538
-0.894973159,-1.14207613,-0.028248271
-0.896490812,-1.14166749,-0.0262469389
-0.8974576,-1.14145482,-0.0257362798
-0.896074831,-1.14168561,-0.0252670553
-0.897011817,-1.14147663,-0.0247872416
-0.895904362,-1.14160824,-0.0235726126
-0.896179795,-1.14149427,-0.022827277
-0.896039128,-1.14138889,-0.0211018249
-0.895897746,-1.141294,-0.0191264432
-0.8974154,-1.14108515,-0.0171251763
-0.898382366,-1.14091349,-0.0166147798
-0.897274613,-1.14120054,-0.0153994299
-0.896583021,-1.14135313,-0.0151644237
-0.898100734,-1.1411438,-0.013163222
-0.899618506,-1.14093542,-0.0111622168
-0.899202168,-1.14106894,-0.0101816105
-0.898644805,-1.14131832,-0.00747473259
-0.89842993,-1.14146161,-0.0062899231
-0.897596955,-1.14184642,-0.00432805391
-0.89800626,-1.14229941,-0.00111022161
-0.898137927,-1.14250255,0.00110225391
-0.896754086,-1.14265132,0.00157358043
-0.896887839,-1.14269042,0.0040464364
-0.897988617,-1.14264321,0.00702936063
-0.898122191,-1.14268231,0.009502545
-0.897980452,-1.14273334,0.0112301307
-0.89801693,-1.14274585,0.0136052473
-0.897458017,-1.14275301,0.0163152441
-0.897591114,-1.14266193,0.0187892821
-0.89717716,-1.1426574,0.0195304379
-0.896342754,-1.14248383,0.0214952622
-0.894540846,-1.14253294,0.0229507405
-0.892463923,-1.14273608,0.0236601923
-0.888683617,-1.14299548,0.0233467333
-0.887848794,-1.14272273,0.0253124759
-0.887563407,-1.14220583,0.0287715197
-0.887013793,-1.14244998,0.0272784811
-0.888805449,-1.141976,0.0300278757
-0.889904797,-1.14148724,0.0330138206
-0.890036762,-1.14110625,0.0354901887
-0.88989383,-1.1408478,0.0372202024
-0.888365567,-1.14057148,0.0394494645
-0.887947738,-1.1404475,0.0404331908
-0.887804568,-1.14021146,0.0421636999
-0.886562526,-1.14042556,0.040907342
-0.887276053,-1.13987887,0.0449104905
-0.887132704,-1.13966811,0.046641361
-0.886714637,-1.13955367,0.0476255119
-0.885185659,-1.13930619,0.0498314165
-0.884074688,-1.13917363,0.0510532334
-0.884349287,-1.13907778,0.0518002473
-0.883931041,-1.13896334,0.0527847596
-0.884074688,-1.13917363,0.0510532334
-0.883656442,-1.13905919,0.0520377159
-0.883512735,-1.13884842,0.0537693389
-0.881839335,-1.13839161,0.0577083081
-0.881015897,-1.13867772,0.0554666854
-0.879211783,-1.13852656,0.0569266938
-0.878100216,-1.13844264,0.0584680252
-0.877537549,-1.13855326,0.0611856058
-0.877393305,-1.13862097,0.0629182756
-0.877249002,-1.13868821,0.0646510869
-0.875863016,-1.13872683,0.0651268065
-0.875299811,-1.13883841,0.0678454414
-0.875429511,-1.13892996,0.0703264028
-0.874446988,-1.13908446,0.074031651
-0.874629796,-1.13897371,0.0770392269
-0.874484479,-1.13890612,0.078829363
-0.875016928,-1.13857806,0.0845414251
-0.875839293,-1.13837206,0.0867851153
-0.875822961,-1.13818181,0.0910023674
-0.874161899,-1.13840497,0.0907320976
-0.873323023,-1.13842118,0.0927059874
-0.872355521,-1.13856757,0.09219677
-0.872355521,-1.13856757,0.09219677
-0.872903526,-1.13842976,0.0936930254
-0.872338414,-1.13837731,0.0964154974
-0.870268047,-1.13852882,0.0995608717
-0.869848311,-1.13853455,0.100548372
-0.870122194,-1.13842726,0.10129673
-0.871509552,-1.13820171,0.100818306
-0.869702458,-1.13843298,0.102284327
-0.869958222,-1.13801432,0.107253544
-0.869118333,-1.13802576,0.109229468
-0.870633662,-1.13759089,0.111235425
-0.870193839,-1.1373297,0.11661005
-0.870994627,-1.13718104,0.118834481
-0.872182012,-1.13690078,0.120840393
-0.873003423,-1.1365813,0.12308605
-0.875359595,-1.13567388,0.123114221
-0.874117792,-1.13615358,0.121857375
-0.872602224,-1.13674009,0.119851872
-0.873022437,-1.13657987,0.118863419
-0.87221086,-1.13689661,0.116610989
-0.871834993,-1.13701653,0.11685764
-0.871834993,-1.13701653,0.11685764
-0.872328401,-1.1368469,0.11910335
-0.873003423,-1.1365813,0.12308605
-0.871943295,-1.13698459,0.123566099
-0.870828807,-1.13720441,0.124794975
-0.869567573,-1.13745093,0.127761707
-0.868599713,-1.13764501,0.127253115
-0.867358267,-1.13789392,0.125995606
-0.866390467,-1.13808703,0.125486851
-0.865970016,-1.13817,0.126475871
-0.864581764,-1.13844514,0.12695612
-0.863046527,-1.13874698,0.129174665
-0.861658216,-1.13902307,0.129655048
-0.862352371,-1.13888526,0.129414856
-0.861931741,-1.13896775,0.130404204
-0.862625897,-1.13882995,0.130163968
-0.863446534,-1.13866258,0.132411316
-0.864814699,-1.1383462,0.136056572
-0.86300528,-1.13862801,0.137527257
-0.863552272,-1.13844061,0.139025673
-0.86300528,-1.13862801,0.137527257
-0.863278806,-1.13853502,0.138276458
-0.863131404,-1.13847256,0.140015513
-0.862016082,-1.13862944,0.141246065
-0.86186856,-1.13856697,0.142985404
-0.861447573,-1.13859844,0.143975496
