-0.11595837556025756,3.884506194147775,2
-0.11595837556025756,3.884506194147775,2
-0.1167777396784544,3.8843340087028295,2
-0.1167777396784544,3.8843340087028295,2
-0.1167777396784544,3.8843340087028295,2
-0.11702638932066023,3.885108852412447,2
-0.11727503896286251,3.8858836961220646,2
-0.11859169976982287,3.8872610458018855,2
-0.11941106129237689,3.887088708062471,2
-0.11859169976982287,3.8872610458018855,2
-0.11941106129237689,3.887088708062471,2
-0.1227619336056538,3.8839032877825233,2
-0.11980654910467692,3.882870575507912,2
-0.11767052288169566,3.8816653351257955,2
-0.11652909003625034,3.8835591649932155,2
-0.11752368860506834,3.886658539831682,2
-0.11784575278994325,3.884936628893886,2
-0.11513901144206429,3.884678379592721,2
-0.1167777396784544,3.8843340087028295,2
-0.11620702585137366,3.885281075931008,2
-0.11727503896286251,3.8858836961220646,2
-0.11752368860506834,3.886658539831682,2
-0.11965970963675865,3.8878634756248545,2
-0.11884034876311489,3.888035851437884,2
-0.11990835798114041,3.888638243187234,2
-0.11884034876311489,3.888035851437884,2
-0.11752368860506834,3.886658539831682,2
-0.11620702585137366,3.885281075931008,2
-0.11489036050203794,3.883903459735869,2
-0.11489036050203794,3.883903459735869,2
-0.11595837556025756,3.884506194147775,2
-0.11464170956201158,3.883128539879017,2
-0.11250567425428315,3.8819227664662606,2
-0.1122570220164345,3.881147770462178,2
-0.110691695993415,3.8789946633059245,2
-0.1074876235645057,3.877184860978268,2
-0.1034641662522553,3.875546025739805,2
-0.099514090388233,3.871408494099448,2
-0.09516854228576932,3.871490008780466,2
-0.0936765665632624,3.866836377688685,2
-0.09129181153097932,3.8648516486156375,2
-0.08922910510971427,3.8611440948379823,2
-0.08880517234858942,3.857094835323654,2
-0.08781051667563311,3.8539921100068604,2
-0.08895197677532884,3.8520998792313748,2
-0.09066417665853521,3.849262104172407,2
-0.09073759249903013,3.8467654256722312,2
-0.08810415148553652,3.8440037207669953,2
-0.09013845967954914,3.8394466237762153,2
-0.08964114222564135,3.8378958702956965,2
-0.09192413769867613,3.8341158252843357,2
-0.09274354529388518,3.833946190771755,2
-0.09313908956141503,3.829731370621907,2
-0.09435406089147236,3.8253480581679966,2
-0.09417886862005176,3.822078972669715,2
-0.09186753851300722,3.8175980981271387,2
-0.09201447401970952,3.812610832905566,2
-0.09322950245390871,3.8082308709299824,2
-0.09312782400848718,3.802470856047748,2
-0.09163593783565638,3.7978224791151582,2
-0.09367045692563991,3.793277756050017,2
-0.09438827302946429,3.787353208519928,2
-0.09642284597903128,3.7828116455650225,2
-0.09845744488502817,3.778271605554817,2
-0.09999479901511066,3.772185076309235,2
-0.10178082225471918,3.766874532981788,2
-0.1041377098686862,3.7606257555053944,2
-0.10594229042031422,3.755417074885475,2
-0.10772109521768236,3.7474327262910556,2
-0.1082407140669801,3.740940960157591,2
-0.11102031882533403,3.7333729859156044,2
-0.11329449313902451,3.7269383176383286,2
-0.11406132719272577,3.721221986169514,2
-0.1160853942777269,3.7140155448445533,2
-0.11835772239141207,3.7075832140570704,2
-0.1188740757077511,3.7010955824431377,2
-0.12214737452924496,3.6950794098240642,2
-0.12290616460143333,3.6920435109632734,2
-0.12492169680781018,3.6875181237754298,2
-0.1256801453863563,3.6844826572826967,2
-0.12794435481679756,3.6807308536837624,2
-0.12695259951244964,3.674962531706406,2
-0.12721201818969163,3.6703820193416163,2
-0.12621496152465284,3.6672906575163466,2
-0.12596569735839402,3.666517817060029,2
-0.125721361044155,3.6630684893541847,2
-0.12597551037572963,3.6611648966069836,2
-0.1269822946846979,3.658903446071214,2
-0.1269870197748677,3.65622721554022,2
-0.12724100903129987,3.654323825465543,2
-0.128247558563384,3.652062672182815,2
-0.1287508013143963,3.6509321360759586,2
-0.13001100928095077,3.6467680115751016,2
-0.1312666949191783,3.64527986088671,2
-0.131769809610077,3.6441494869178754,2
-0.13252652937705633,3.6411162092884233,2
-0.13353258801203083,3.638855677534778,2
-0.13503753781651895,3.6381403673027037,2
-0.1380474374254952,3.636709746838555,2
-0.13805507342086543,3.631359582731857,2
-0.14006272172087186,3.6295144254795204,2
-0.14382472272342284,3.6277266228018945,2
-0.14407782623071874,3.625824354181862,2
-0.14608528244055208,3.6239794401365515,2
-0.14759324986699873,3.620590061213754,2
-0.15035283948543565,3.6183879244204604,2
-0.15160771407626505,3.616900800606203,2
-0.1511110935113642,3.6126824561990283,2
-0.1513665743400363,3.6081069295783763,2
-0.15212150126539115,3.6050759218812125,2
-0.1533785824307774,3.600915756250366,2
-0.15216436622537266,3.596916274293484,2
-0.15319422891405665,3.594556897210065,2
-0.15224569560367485,3.5912665512996647,2
-0.15454196881258397,3.587371565496838,2
-0.15557134358789249,3.5850131733187673,2
-0.15660058825296552,3.5826550437821254,2
-0.15838152352305634,3.5799405672754716,2
-0.15964782019682922,3.5784051883673236,2
-0.16091405181548524,3.5768699407798827,2
-0.16166584000317563,3.576513396828801,2
-0.16095365935898798,3.5740472132445653,2
-0.16297143520864843,3.5721559141587242,2
-0.16221971207607488,3.572512326789088,2
-0.16273399286924928,3.571333951454516,2
-0.16277332392850496,3.568511782032232,2
-0.16277332392850496,3.568511782032232,2
-0.16328750713900497,3.567333603678726,2
-0.16427664008342013,3.567799219412933,2
-0.16479079076636083,3.566621106719783,2
-0.164039148952682,3.5669773551992563,2
-0.16206094811896854,3.566045992410139,2
-0.15960802524424622,3.563470375910814,2
-0.15640388341410194,3.5612501543063253,2
-0.15367478890055253,3.5606735298084757,2
-0.15248814643582342,3.556562567231179,2
-0.14952221134270083,3.5551627653125166,2
-0.14679379990787922,3.5545847619471687,2
-0.1441052399732463,3.551183538593836,2
-0.1413773327155763,3.5506045174929604,2
-0.1376613984504793,3.5495576482057487,2
-0.1341828739972204,3.5493328072831076,2
-0.13272077549994954,3.5472193921794357,2
-0.1294796771223119,3.5478165467911786,2
-0.1277809657383795,3.5448794946441957,2
-0.12556838015575345,3.5431199970773264,2
-0.12410685089075457,3.5410054329174017,2
-0.12264541920843008,3.5388906717764144,2
-0.12343637581758493,3.535712286704843,2
-0.12075056446163757,3.532305515051352,2
-0.11830190269706087,3.5297212970452883,2
-0.11759142974968917,3.527251666292319,2
-0.11936938874818637,3.524543197708315,2
-0.1194092565121565,3.5217199448901475,2
-0.12019946498746847,3.518543070006775,2
-0.12173986780011425,3.5150128685298085,2
-0.12553099999875883,3.510422391800457,2
-0.13007183862135996,3.505479573382857,2
-0.13311150790789483,3.501244984001019,2
-0.1356378234366744,3.498186898633577,2
-0.1381638787449848,3.4951293385489954,2
-0.1409271324360084,3.4928942336213,2
-0.14444040156279314,3.490306163231967,2
-0.14597807206052948,3.4867814772249766,2
-0.14779019023650086,3.481261279215424,2
-0.14908942630430744,3.4769166331451054,2
-0.15141247493493815,3.4702248228177304,2
-0.15369833932516563,3.4663508483290855,2
-0.15697149885275863,3.4629461993848096,2
-0.1602443331047727,3.4595422070440947,2
-0.16355222104211187,3.453324679618021,2
-0.1683233784688234,3.449218203522779,2
-0.1728211290991748,3.4471051382986744,2
-0.17534285824221918,3.4440563110415496,2
-0.18035150679966883,3.440771699159985,2
-0.18386080756432932,3.438191639334182,2
-0.1886303386131214,3.4340884462567836,2
-0.19288871151434606,3.431157325119699,2
-0.19564789926057102,3.4289304277366064,2
-0.2004164219550546,3.4248292701302674,2
-0.20440278674492518,3.4238887364689816,2
-0.20964913786224315,3.421425562008764,2
-0.21315728389858002,3.4188478331256356,2
-0.21540567130037758,3.4177922854189404,2
-0.2191529836367092,3.416033039241107,2
-0.2221508335057738,3.4146256422988444,2
-0.2263771940483803,3.4145019170037614,2
-0.23009394150244056,3.415547144782046,2
-0.2310830907106336,3.4160127276860734,2
-0.2345606718646973,3.416239472759063,2
-0.23704916886568483,3.4160005036073144,2
-0.23854838654824206,3.4152962141929706,2
-0.2390582273296964,3.4141268014970976,2
-0.23830863475219743,3.4144789133740936,2
-0.23929799538952068,3.4149440694857987,2
-0.23755904217469848,3.414831025251086,2
-0.23633001106022178,3.413548404169614,2
-0.2333623194789496,3.4121521479102235,2
-0.23261280822034536,3.4125040956363257,2
-0.31863637487013463,3.417559403754211,2
-0.31938668305391715,3.417205847349365,2
-0.31914540246262924,3.4163916325672616,2
-0.31788606668635033,3.4179129601590503,2
-0.31689452670261353,3.417452203291255,2
-0.31515274359021106,3.4173448715075843,2
-0.3164120631027103,3.4158235767459715,2
-0.3183951105426246,3.416745156141925,2
-0.31515274359021106,3.4173448715075843,2
-0.31815384621511456,3.415930908529642,2
-0.31863637487013463,3.417559403754211,2
-0.31815384621511456,3.415930908529642,2
-0.3183951105426246,3.416745156141925,2
-0.3183951105426246,3.416745156141925,2
-0.3183951105426246,3.416745156141925,2
-0.3183951105426246,3.416745156141925,2
-0.31815384621511456,3.415930908529642,2
-0.31788606668635033,3.4179129601590503,2
-0.31914540246262924,3.4163916325672616,2
-0.31788606668635033,3.4179129601590503,2
-0.31890412187133954,3.4155774177851512,2
-0.31788606668635033,3.4179129601590503,2
-0.31863637487013463,3.417559403754211,2
-0.31689452670261353,3.417452203291255,2
-0.31788606668635033,3.4179129601590503,2
-0.31938668305391715,3.417205847349365,2
-0.31788606668635033,3.4179129601590503,2
-0.31914540246262924,3.4163916325672616,2
-0.31788606668635033,3.4179129601590503,2
-0.31863637487013463,3.417559403754211,2
-0.31788606668635033,3.4179129601590503,2
-0.31713575850256603,3.418266516563893,2
-0.31815384621511456,3.415930908529642,2
-0.31890412187133954,3.4155774177851512,2
-0.3183951105426246,3.416745156141925,2
-0.31788606668635033,3.4179129601590503,2
-0.3183951105426246,3.416745156141925,2
-0.3183951105426246,3.416745156141925,2
-0.31863637487013463,3.417559403754211,2
-0.31542058817409213,3.415362688557458,2
-0.31316985878808623,3.4164229638098504,2
-0.3138933590225932,3.4188662975899113,2
-0.3166532949026628,3.416637890018613,2
-0.31788606668635033,3.4179129601590503,2
-0.3181273147500807,3.4187272406015126,2
-0.31713575850256603,3.418266516563893,2
-0.31914540246262924,3.4163916325672616,2
-0.31713575850256603,3.418266516563893,2
-0.3159030192464378,3.4169913807631005,2
-0.31515274359021106,3.4173448715075843,2
-0.3159030192464378,3.4169913807631005,2
-0.3161708313027596,3.41500926347333,2
-0.3171623224951574,3.41547011883166,2
-0.3161708313027596,3.41500926347333,2
-0.31788606668635033,3.4179129601590503,2
-0.31863637487013463,3.417559403754211,2
-0.31689452670261353,3.417452203291255,2
-0.3166532949026628,3.416637890018613,2
-0.31515274359021106,3.4173448715075843,2
-0.315661803710265,3.416177034660283,2
-0.31815384621511456,3.415930908529642,2
-0.31914540246262924,3.4163916325672616,2
-0.3166532949026628,3.416637890018613,2
-0.3176448186226182,3.417098679716588,2
-0.31866284128004985,3.414763203003048,2
-0.3174035705588878,3.416284399274126,2
-0.31866284128004985,3.414763203003048,2
-0.31941310067249873,3.41440974508874,2
-0.31914540246262924,3.4163916325672616,2
-0.31941310067249873,3.41440974508874,2
-0.3164120631027103,3.4158235767459715,2
-0.3164120631027103,3.4158235767459715,2
-0.3176713175600945,3.414302413305073,2
-0.3176713175600945,3.414302413305073,2
-0.3176713175600945,3.414302413305073,2
-0.3176713175600945,3.414302413305073,2
-0.3166532949026628,3.416637890018613,2
-0.31689452670261353,3.417452203291255,2
-0.31791258188760274,3.4151166609173558,2
-0.3166532949026628,3.416637890018613,2
-0.3176713175600945,3.414302413305073,2
-0.31890412187133954,3.4155774177851512,2
-0.31914540246262924,3.4163916325672616,2
-0.31890412187133954,3.4155774177851512,2
-0.3183951105426246,3.416745156141925,2
-0.31890412187133954,3.4155774177851512,2
-0.31890412187133954,3.4155774177851512,2
-0.3176448186226182,3.417098679716588,2
-0.31689452670261353,3.417452203291255,2
-0.3176448186226182,3.417098679716588,2
-0.31689452670261353,3.417452203291255,2
-0.31791258188760274,3.4151166609173558,2
-0.3171623224951574,3.41547011883166,2
-0.31689452670261353,3.417452203291255,2
-0.3171623224951574,3.41547011883166,2
-0.31692107443142703,3.4146558383892014,2
-0.3161708313027596,3.41500926347333,2
-0.3174035705588878,3.416284399274126,2
-0.31791258188760274,3.4151166609173558,2
-0.31914540246262924,3.4163916325672616,2
-0.3089283185010867,3.335875821441487,2
-0.3076964737528112,3.3345988799808737,2
-0.30796215525405835,3.3326210634444777,2
-0.3042428055953277,3.3315810884947332,2
-0.303977042775184,3.333559069182023,2
-0.3007407910037454,3.3341464404006054,2
-0.30247961410833746,3.3342597472767395,2
-0.3022381871430362,3.3334458279662407,2
-0.3027454419835962,3.3322816352687425,2
-0.3014894890733917,3.333796134183423,2
-0.30199676017773314,3.332631908655742,2
-0.30199676017773314,3.332631908655742,2
-0.3014894890733917,3.333796134183423,2
-0.3014894890733917,3.333796134183423,2
-0.3029868852126789,3.333095521749062,2
-0.3022381871430362,3.3334458279662407,2
-0.29803658531352717,3.3307767996788975,2
-0.2965639316235613,3.3286846913610084,2
-0.29608124033074823,3.327056524438227,2
-0.2953572033915286,3.324614274054042,2
-0.2934020698378781,3.3208935720210526,2
-0.2924123513974113,3.320429138173278,2
-0.2899504509165727,3.3178716439324383,2
-0.2894433912413614,3.3190354426678006,2
-0.2899504509165727,3.3178716439324383,2
-0.2892021269138514,3.3182211950555143,2
-0.2894433912413614,3.3190354426678006,2
-0.2921954229247419,3.316822990563203,2
-0.2927024012810566,3.315659355978731,2
-0.2924852613792588,3.3120536351609786,2
-0.2922679913672255,3.308448176984651,2
-0.29007164227740034,3.3039131288488406,2
-0.2883581796457406,3.301005853673665,2
-0.2861621883590608,3.296470083273931,2
-0.28319459436045946,3.295073630033471,2
-0.28049261680799376,3.291699491577319,2
-0.2825185135246393,3.2870490241815595,2
-0.2837726123640181,3.2855382679072136,2
-0.2823009182370235,3.2834442226088,2
-0.2828072297783919,3.2822819340616434,2
-0.28155326104924683,3.2837924276945643,2
-0.27981666608240374,3.283674623083982,2
-0.28205958885439486,3.282630106317228,2
-0.2818418471927657,3.2790256002160767,2
-0.28406113345241835,3.280771571749444,2
-0.28480875811263573,3.280423432324035,2
-0.28381975527845427,3.2799575539484067,2
-0.28406113345241835,3.280771571749444,2
-0.284567363674892,3.279609447353181,2
-0.284567363674892,3.279609447353181,2
-0.28331350879220096,3.281119711174849,2
-0.28406113345241835,3.280771571749444,2
-0.28355487070238716,3.2819337618060587,2
-0.28331350879220096,3.281119711174849,2
-0.2823245384855788,3.2806537671388583,2
-0.2815769300891411,3.281001873734091,2
-0.28505015255037947,3.2812374172948893,2
-0.2865454343983753,3.28054107278372,2
-0.28630400743307227,3.2797271534732246,2
-0.28705163209328965,3.2793790140478194,2
-0.2865454343983753,3.28054107278372,2
-0.28480875811263573,3.280423432324035,2
-0.28333699893052433,3.2783295183463395,2
-0.2828542425825944,3.2767014827442615,2
-0.28336039148617154,3.2755395224988924,2
-0.28336039148617154,3.2755395224988924,2
-0.2853615294897196,3.2736818086855664,2
-0.28738553960797475,3.269035149590504,2
-0.2884200915062358,3.2639235313648065,2
-0.2889484619733569,3.259973939044837,2
-0.29046544494396187,3.256491013024778,2
-0.2924876335189506,3.251848030909702,2
-0.29226794020381597,3.248247464429955,2
-0.2925534199655129,3.243486907515539,2
-0.29505794203016933,3.2404728145871715,2
-0.29481612473416696,3.239659683200955,2
-0.29334373126466673,3.2375670496002122,2
-0.2945743074381646,3.238846551814735,2
-0.29409067284615986,3.237220289042302,2
-0.292838574451622,3.238727007204698,2
-0.2943539473080836,3.2352473313723067,2
-0.2929029459493897,3.230368740036063,2
-0.2931872384552019,3.225610579724677,2
-0.2949645033523627,3.2201607367874523,2
-0.2957525702499897,3.2142454094367423,2
-0.2967820803766976,3.209143968566348,2
-0.2975690250735603,3.20323090649795,2
-0.2971049285215308,3.198822428630354,2
-0.2978909461829833,3.192911237882125,2
-0.2969420277830661,3.186878893845112,2
-0.2977270208264251,3.1809697713981215,2
-0.2975233037836311,3.1745941796322867,2
-0.29657337702940545,3.1685638710663326,2
-0.295865495264092,3.163346234264111,2
-0.29292074085265085,3.1591609014022666,2
-0.29269727434074433,3.1555679515239135,2
-0.28926849500659557,3.1497571438139182,2
-0.2883181779216706,3.1437276231722464,2
-0.2883550421276553,3.1381676578861963,2
-0.28740417207423796,3.1321392534705943,2
-0.28449670472704014,3.122393101738055,2
-0.2855195467042826,3.1173051212408147,2
-0.28531247932297177,3.1109362924917363,2
-0.2878234633491399,3.105166379931646,2
-0.2893466317970006,3.0989281923929006,2
-0.2916133914878447,3.0923500073129944,2
-0.29387917535193964,3.085773792043799,2
-0.29687226517486565,3.0816332282929153,2
-0.29789089483329434,3.076553750811879,2
-0.2998959739125713,3.07194530604448,2
-0.3011565184496803,3.0676787629685975,2
-0.3024166726560864,3.063413007816994,2
-0.30492115117057494,3.057656227328266,2
-0.3064234479485659,3.054202946959311,2
-0.30818288774373315,3.0487890858976243,2
-0.3082111646743044,3.0432464549457663,2
-0.3087393452172478,3.036554470537048,2
-0.3094828714051072,3.0362146043166014,2
-0.30975343728127847,3.0314841526757945,2
-0.3107401957139313,3.031954561616036,2
-0.3144575013776514,3.03025588711737,2
-0.31940525310463563,3.0298369774746554,2
-0.31940525310463563,3.0298369774746554,2
-0.31940525310463563,3.0298369774746554,2
-0.3196487455698982,3.0306467273524973,2
-0.32039225549397976,3.0303068939622264,2
-0.3208922404252377,3.029157376354476,2
-0.3213921928289434,3.0280079244070777,2
-0.3218921127050898,3.0268585381200346,2
-0.3233790349705803,3.0261790683205625,2
-0.3293267240325317,3.0234611891226955,2
-0.3347747859663599,3.0218921052686625,2
-0.33700521815592843,3.020872802078923,2
-0.3384921729489747,3.0201932666191027,2
-0.3392356503455005,3.019853498889187,2
-0.34245355657400545,3.01930316011185,2
-0.34542753121521486,3.0179439578714913,2
-0.34542753121521486,3.0179439578714913,2
-0.3451834695176821,3.0171353570498916,2
-0.34345248555466235,3.017006226027757,2
-0.34296442721471543,3.0153888930638466,2
-0.3466815702406443,3.013690546866961,2
-0.3449506350689635,3.0135613173542986,2
-0.344961764735098,3.010796075461375,2
-0.34521690730742804,3.008839532880586,2
-0.3457161115772891,3.0076915911213966,2
-0.3474577047655121,3.0050565308163115,2
-0.3489548784530587,3.0016135919535607,2
-0.35193812868957686,2.997492890460613,2
-0.35244714525945753,2.993582366052948,2
-0.3561725555263848,2.989124556074543,2
-0.35939887536990334,2.985814458044075,2
-0.3616372820524436,2.9820362820160327,2
-0.3646092399850325,2.9806811507177926,2
-0.3670917734202206,2.977711444190625,2
-0.3673539634501122,2.9729979000916913,2
-0.3686034160898082,2.9687537471974856,2
-0.37009732075773627,2.9653174072005903,2
-0.36986064805712715,2.961751115427102,2
-0.3686363549435683,2.95771615471282,2
-0.36790972104084396,2.952536371106298,2
-0.3676726742733134,2.9489708344269125,2
-0.36719058998149734,2.9445986667366384,2
-0.3679405130757445,2.941503112205183,2
-0.36843787953855767,2.9403588802561558,2
-0.3667231861008453,2.9347113141236534,2
-0.3662405163129847,2.9303403283197973,2
-0.3647635364577475,2.928256952829372,2
-0.36500849266313296,2.929063747991151,2
-0.36525344886852196,2.9298705431529406,2
-0.3635243352401112,2.9297376366602883,2
-0.3645185802523603,2.9274501576675824,2
-0.3652677064214327,2.9243562118148674,2
-0.36429466883697437,2.9183725549324393,2
-0.364308210783598,2.91285966812222,2
-0.3623479105893299,2.906406620035071,2
-0.36211573193294555,2.900088481081454,2
-0.3623733030495444,2.8953842607531897,2
-0.36288162551808867,2.8887323619923073,2
-0.36437571432875693,2.8825528748125606,2
-0.36512246598606524,2.8794637221658945,2
-0.3656237409970515,2.875568824923157,2
-0.3668606978131628,2.8740926716568502,2
-0.3688386924589153,2.8722816751873985,2
-0.37032089822843695,2.871611726139669,2
-0.37032089822843695,2.871611726139669,2
-0.37032089822843695,2.871611726139669,2
-0.3698251744073211,2.872752642240677,2
-0.3708116888832862,2.873223543633607,2
-0.37155282429560543,2.872888503449385,2
-0.3747628425912044,2.872354087308576,2
-0.3774819075941611,2.8702081819756167,2
-0.3799509043238949,2.8700085762077805,2
-0.383410990892715,2.8675278605018413,2
-0.38687091482374214,2.865047473097693,2
-0.39008120960358816,2.864512498843851,2
-0.3927998680120659,2.8623674142653464,2
-0.39675142831445953,2.8614971371858644,2
-0.3972465829033034,2.8603573701410916,2
-0.39848280784934964,2.8588826942328183,2
-0.40588275636243765,2.8665264177190544,2
-0.40638077861758504,2.862638086512,2
-0.4083555965852259,2.8635762779782254,2
-0.4105793931528865,2.862570369501281,2
-0.41132065867543766,2.8622350666756304,2
-0.41181566689026816,2.8610955951024692,2
-0.4115694095825475,2.860291426354955,2
-0.41404169683684344,2.857342402840189,2
-0.4152777428813206,2.8558680880638754,2
-0.41651568076534673,2.851647178935977,2
-0.41651568076534673,2.851647178935977,2
-0.4172603233725294,2.8458195081616147,2
-0.41676573801595396,2.8469581261501418,2
-0.4155300660384036,2.8484316858323453,2
-0.41701037996837087,2.850508331136208,2
-0.41898721988580334,2.84869966560942,2
-0.4194833880701214,2.8448150770426963,2
-0.4224487481495274,2.8407304887460008,2
-0.42640122446472795,2.8371155871256306,2
-0.4310942181686386,2.833166892867812,2
-0.4340581307716942,2.8290852264569963,2
-0.43455221719227843,2.8252048401531127,2
-0.4382559641053163,2.820790759972347,2
-0.4389963403611823,2.8177144767556186,2
-0.4422055832365466,2.8144388504124827,2
-0.4449200996224949,2.8095593514785797,2
-0.44393129719483326,2.8063502930899205,2
-0.4446706650963854,2.803276045344255,2
-0.44343449942401136,2.7992650506602104,2
-0.4429386559750004,2.7949206573008674,2
-0.4441704298867144,2.790712190810588,2
-0.4436741147881058,2.786368749526414,2
-0.44120285161162087,2.7810873794174498,2
-0.4382391336336404,2.776940326543631,2
-0.437495406498984,2.77179504745461,2
-0.4350246800272135,2.7665125939497557,2
-0.4328014306466006,2.7620318469290304,2
-0.43082560956581517,2.7583529048829725,2
-0.42958944389344467,2.754341910198928,2
-0.4286005113555458,2.7511331144516973,2
-0.4276115788176469,2.747924318704463,2
-0.4258833486744802,2.745046853331292,2
-0.42588094687632605,2.7423089261468014,2
-0.42563119809724625,2.738769029836753,2
-0.42365584866605666,2.7350891357155263,2
-0.42340595351296173,2.7315495348770824,2
-0.42266139692557125,2.7264059301271644,2
-0.42290278558187033,2.721734375826422,2
-0.41993838976633135,2.7148459157691995,2
-0.42017924171791776,2.710175444864344,2
-0.41894266945106473,2.7061652709347612,2
-0.41869189605389323,2.7026274429259516,2
-0.4181936455655606,2.698287908433013,2
-0.4186809337264439,2.694421245143708,2
-0.4201536629538598,2.6910276500390964,2
-0.42088785897363046,2.687963842290163,2
-0.42309824316462397,2.684242232659514,2
-0.4240749448002905,2.6792473913784143,2
-0.4260416523832866,2.677459179052775,2
-0.42899402872572523,2.6761435752893448,2
-0.4316986514927592,2.6740268231548043,2
-0.43464553591899957,2.669979529940779,2
-0.4368539521927062,2.6662618927617174,2
-0.439061978135717,2.6625450435069347,2
-0.4407797448874202,2.6599580794132187,2
-0.44274537906098743,2.6581720338793566,2
-0.4442211443739481,2.6575150855822827,2
-0.44840024761538544,2.654743978734757,2
-0.4515999709387515,2.6542303440968844,2
-0.45578606236407637,2.654187906323539,2
-0.45947563828427285,2.6525452072790543,2
-0.46144837448817455,2.65348760100812,2
-0.4648972012806283,2.653772389836533,2
-0.46735970876246213,2.65358588330988,2
-0.46859487132169164,2.654856127414096,2
-0.4690843010602581,2.6537279165921284,2
-0.46859487132169164,2.654856127414096,2
-0.46909203737798677,2.6564550754780925,2
-0.46982231382697215,2.653399179802161,2
-0.47007092938267725,2.6541985881738057,2
-0.47204428361019524,2.6551397343560836,2
-0.4737690873371214,2.655281340846013,2
-0.4745071651589523,2.6549524727353315,2
-0.4754939561191627,2.655422816015225,2
-0.47573459140045316,2.653495557953576,2
-0.47720244149411783,2.650111811902491,2
-0.47793203486437363,2.647057295094047,2
-0.4811240706613553,2.6438164030796685,2
-0.48185315985445776,2.640762904006756,2
-0.4852935672504568,2.638321912816693,2
-0.4874978199966904,2.634612680163304,2
-0.4892130333350604,2.632030870407597,2
-0.4914166192663476,2.628322983791527,2
-0.4926328937964932,2.6241458044612678,2
-0.4931111718236991,2.6202973290907927,2
-0.4935891896304412,2.6164493790031784,2
-0.4948044232787172,2.612274300804337,2
-0.4947938082720711,2.6095529528599464,2
-0.4952710779449667,2.6057065129605377,2
-0.4932976261347797,2.6047655637593223,2
-0.47709555377615587,2.617414270545005,2
-0.4778233906582603,2.61436329939583,2
-0.482486800547818,2.610474323232541,2
-0.482486800547818,2.610474323232541,2
-0.4869108762584222,2.6085099787166257,2
-0.48983906257975995,2.6017576541568843,2
-0.48785532103850393,2.59809470040771,2
-0.48660882786634296,2.5941045528869573,2
-0.4841375919762516,2.5915659031685223,2
-0.4828912614418819,2.587575427345982,2
-0.4806588230260278,2.5831132293760604,2
-0.4791633239674624,2.5783244614079415,2
-0.47791707475199097,2.5743338214345144,2
-0.4754468797437639,2.5717930705846577,2
-0.47296587456354366,2.5665313657525566,2
-0.4714706682530032,2.5617420068412287,2
-0.468752052854418,2.558401453657595,2
-0.46774406440847294,2.5524883488285575,2
-0.46626036761243306,2.550418532201814,2
-0.46280634165181134,2.547401462979593,2
-0.46132297013135215,2.545330989749278,2
-0.4583565198384658,2.541189452345435,2
-0.45416783144964157,2.5384943568964324,2
-0.45120232445594866,2.5343509153422374,2
-0.44775049410551304,2.531329414045942,2
-0.4438124379810162,2.5294296560264584,2
-0.4406104267059465,2.527205133668595,2
-0.43765756769129993,2.525778936286496,2
-0.4337315089946756,2.5265977356462415,2
-0.43201194220464956,2.526445557838869,2
-0.4293187528743907,2.528539230357982,2
-0.43152513093453493,2.52756848300211,2
-0.43127649911505017,2.526769107460648,2
-0.43324471398833886,2.5277206279793063,2
-0.4337315089946756,2.5265977356462415,2
-0.4297952093583266,2.524694431967493,2
-0.43053060365659235,2.5243709808362524,2
-0.4268536321652725,2.5259882364924664,2
-0.42611823786700853,2.5263116876237106,2
-0.42464744927047704,2.526958589886199,2
-0.4241504458519749,2.5253593135204113,2
-0.42365344243347103,2.523760037154627,2
-0.4211889072204045,2.521207861402683,2
-0.41921137844280665,2.517532366525362,2
-0.4164989107527628,2.514179403534282,2
-0.41477019269621707,2.511302923066463,2
-0.41254482902430745,2.5068264439689294,2
-0.4103196605177537,2.50234957090926,2
-0.40834304251179,2.498672237541946,2
-0.40783594452757477,2.4943505626660603,2
-0.40856008953180734,2.4913070439673852,2
-0.40805261748067245,2.486986124185602,2
-0.4080309971366791,2.4815442162211028,2
-0.4097373467153851,2.478980298912635,2
-0.41022324721387093,2.477859212239373,2
-0.4107091151847939,2.476738191226481,2
-0.4107091151847939,2.476738191226481,2
-0.4099747292408402,2.477059606886659,2
-0.4109576494216043,2.477537763749016,2
-0.41340943907295014,2.477372892309937,2
-0.4148782760159744,2.47672992966886,2
-0.41757886012460155,2.477364105469462,2
-0.41953349998343015,2.4756002531361965,2
-0.4222104958307824,2.4707964934238866,2
-0.42147612615060837,2.4711178762538886,2
-0.42243510026695574,2.4661588198672604,2
-0.4236424622461019,2.461999631474768,2
-0.42484943389454344,2.457841231006558,2
-0.4253219220163569,2.4540044431795955,2
-0.42629212916296133,2.451765487190574,2
-0.4257811603992998,2.447451625897152,2
-0.4286904156816558,2.44073751566507,2
-0.42792957905128937,2.4356267739237403,2
-0.4271957948671634,2.4359469748673206,2
-0.42866336323541177,2.43530657298016,2
-0.4281786987841478,2.436425164559857,2
-0.42891249923205166,2.436104930786094,2
-0.42916163522869333,2.4369032885920276,2
-0.42989545194037504,2.4365830219880955,2
-0.4338137690781032,2.4357798497932706,2
-0.43723361905720104,2.4333803559487173,2
-0.4426197647836396,2.431936256583878,2
-0.44849042858733235,2.429373861110946,2
-0.4521444571273747,2.425060142785579,2
-0.4555481461511235,2.4199504960874663,2
-0.4584672357787234,2.4159593096483434,2
-0.4650702688177475,2.4130795694573557,2
-0.4701892960489289,2.4081306364130057,2
-0.47779292275553686,2.408436152731337,2
-0.4819446865841499,2.4057202334137173,2
-0.4860962552474106,2.403004708058244,2
-0.48779621316089816,2.4004536930098865,2
-0.48947786330017884,2.3951968586915235,2
-0.4928764454972594,2.390097520669439,2
-0.4972960596911964,2.3908849576733004,2
-0.5026624989584239,2.386737862433801,2
-0.505596464702819,2.3854594224323264,2
-0.5119467999775615,2.381788514244473,2
-0.5195530126250567,2.3820888105644364,2
-0.5291097829228075,2.380633494925913,2
-0.6310749042261818,2.4118245911844944,2
-0.6359912668593175,2.4114690437861057,2
-0.6387029591291338,2.412080796574852,2
-0.6443803913267185,2.414092745244403,2
-0.6493236164819134,2.4164257484421796,2
-0.6542676548260751,2.418757110131029,2
-0.6582234709974557,2.420621017595689,2
-0.6631689730817403,2.422949424568486,2
-0.6656550090109015,2.4254581988245647,2
-0.6678874689317027,2.427177577913419,2
-0.6718451717014684,2.4290376770773854,2
-0.6748137903181561,2.43043206201661,2
-0.6790264189899542,2.4330788314429945,2
-0.6802702013521564,2.4343316755526487,2
-0.6844836920042496,2.436976704979582,2
-0.6859818635637716,2.439017302747544,2
-0.686744201702993,2.4413822380615677,2
-0.6882160637089481,2.4407331690073057,2
-0.6897144792251577,2.4427732743225974,2
-0.6938760989039601,2.4400374599168657,2
-0.6985462367569379,2.4388776781106074,2
-0.7036980953171419,2.436605246986943,2
-0.7093591226026863,2.4359075352556196,2
-0.713293849893617,2.4350712374107815,2
-0.7152472211776733,2.4333099458314393,2
-0.7167192458214213,2.43266054847539,2
-0.7184460499931848,2.4327981168533768,2
-0.7213901643357978,2.431499190820567,2
-0.7223524672857096,2.429276190298257,2
-0.7231170986177968,2.4316364965571253,2
-0.7226359146152816,2.432748062478641,2
-0.7231170986177968,2.4316364965571253,2
-0.7228622215071017,2.430849727804169,2
-0.7228622215071017,2.430849727804169,2
-0.7223524672857096,2.429276190298257,2
-0.72283356996933,2.4281647885276314,2
-0.7272494487352219,2.4262169904216364,2
-0.727475414087678,2.424319345180912,2
-0.7318910976882194,2.4223719410370563,2
-0.7380636031557479,2.423244286812732,2
-0.7400163726799711,2.421484209949991,2
-0.7454538091248217,2.4226793502533432,2
-0.7461597386963561,2.4196726013544847,2
-0.7486534836568541,2.4221658141060054,2
-0.7501256384108341,2.421516154108531,2
-0.7515977931648123,2.42086649411106,2
-0.7515977931648123,2.42086649411106,2
-0.7523642785677254,2.42322305772959,2
-0.7580283797075396,2.422519141094547,2
-0.7612901876575364,2.427365732937286,2
-0.7652581040806297,2.4292052147492136,2
-0.7658002179814485,2.4334562062509875,2
-0.7680402242957953,2.435160352137057,2
-0.7677845014685794,2.4343752905533798,2
-0.7680402242957953,2.435160352137057,2
-0.7667923434612351,2.4339157812323613,2
-0.7660559082811051,2.43424133349502,2
-0.7660559082811051,2.43424133349502,2
-0.7670480500246697,2.434700875646218,2
-0.76631159858076,2.4350264607390564,2
-0.7673037565881042,2.435485970060075,2
-0.7670480500246697,2.434700875646218,2
-0.76631159858076,2.4350264607390564,2
-0.7670480500246697,2.434700875646218,2
-0.7645524509933441,2.432211405535039,2
-0.7648081250292194,2.432996565609251,2
-0.7640717223766469,2.433322052211558,2
-0.7596229797541731,2.432593414057223,2
-0.7566170084778499,2.428531653986912,2
-0.7536114275322241,2.4244691059923156,2
-0.7513726735288735,2.422762432182509,2
-0.750350758046773,2.419620216037085,2
-0.7485928627703551,2.4168026329093273,2
-0.7463242049182384,2.4124135477467163,2
-0.7435448820730972,2.4064527635681863,2
-0.7395499567539243,2.4019250266317087,2
-0.7362912389219787,2.3970721970550635,2
-0.7342484488396419,2.3907856636328013,2
-0.7304798141485129,2.3843596248520313,2
-0.7301628686749737,2.378212596788277,2
-0.7310600944628938,2.370635410538167,2
-0.7341925612778546,2.364771989416404,2
-0.7338735990956948,2.358629032294772,2
-0.7365572253237875,2.356554663920562,2
-0.739687447737218,2.3506957733634195,2
-0.7403570492672049,2.345019581032229,2
-0.739779973482289,2.338096388363148,2
-0.7431633327820428,2.3330277793880505,2
-0.7472802648367924,2.3276393962616915,2
-0.7491934210360665,2.3232165076626607,2
-0.7505937979510247,2.3172261879708955,2
-0.7541956737923652,2.3102749699767884,2
-0.7577961834762554,2.303326509717664,2
-0.7594500550806789,2.298125749344024,2
-0.7618371091093898,2.292606002743401,2
-0.7666812385176893,2.2869107148957184,2
-0.7708271148582337,2.2842066801026917,2
-0.773982248140225,2.281040279763115,2
-0.7776508437852616,2.2794399316487812,2
-0.7810996380501525,2.279724786137553,2
-0.7859788269252252,2.2767015024761115,2
-0.7899046579289379,2.275883162738868,2
-0.795812723183607,2.2759880439064872,2
-0.8009876222777628,2.2764118784709133,2
-0.8037039985159815,2.2770141761682794,2
-0.8076309029291231,2.2761936696392553,2
-0.8123307006741811,2.2777167916384755,2
-0.8167734907534658,2.2784574456381073,2
-0.822427118019478,2.2777746716379568,2
-0.8278628630312923,2.278973226279863,2
-0.833041421475766,2.279389674054144,2
-0.8357599282690593,2.2799876709981426,2
-0.8409394137489485,2.2804022474522547,2
-0.8453851963636048,2.281136860699057,2
-0.8490971297390235,2.2821918062101574,2
-0.8532854980934328,2.282144772211833,2
-0.855270985100228,2.283061427081023,2
-0.8579910369525443,2.283656305158072,2
-0.8572566022172516,2.283977819308788,2
-0.8587254716878352,2.283334791007352,2
-0.8575150085680345,2.2847574639130315,2
-0.8575150085680345,2.2847574639130315,2
-0.8572566022172516,2.283977819308788,2
-0.8571748384178033,2.2786573173440416,2
-0.8590781712944509,2.2742542581727676,2
-0.8612395527187289,2.270631565869664,2
-0.8626663692974912,2.267330650358698,2
-0.8621491337376721,2.2657722147348522,2
-0.8655191242109286,2.2607305921664107,2
-0.8703988335269344,2.2577062579392617,2
-0.8747604290390463,2.2531252609179013,2
-0.8756675054359864,2.2482709656305637,2
-0.8773079431587956,2.2430973229842905,2
-0.8777827192323091,2.2419986921530715,2
-0.8831349764840759,2.2378802248291443,2
-0.8873225479133069,2.2378347995095638,2
-0.8873225479133069,2.2378347995095638,2
-0.8867598765955886,2.2336253053532964,2
-0.8913773087813688,2.229829140104364,2
-0.8923704588792454,2.230286646784503,2
-0.8911178940762792,2.2290515309711907,2
-0.8918515969415068,2.228731494178497,2
-0.893578466168389,2.228868931235766,2
-0.8933636415046795,2.2307440878042826,2
-0.8931041942720324,2.229966544331454,2
-0.8931041942720324,2.229966544331454,2
-0.8925852998067345,2.2284114573858105,2
-0.8921110279103743,2.229509070481498,2
-0.8899098705233524,2.2304692793501033,2
-0.889650488345822,2.229691604556571,2
-0.8893911061682882,2.228913929763028,2
-0.8901247927697398,2.2285939258005136,2
-0.8883980536530878,2.2284562261018195,2
-0.8883980536530878,2.2284562261018195,2
-0.8874050336654449,2.2279984567802593,2
-0.8831296645746889,2.2227355601312766,2
-0.8808404330418913,2.218388005144355,2
-0.8788106650055205,2.214817960800083,2
-0.8765218075396444,2.2104696507190553,2
-0.8719892356177699,2.204424680032634,2
-0.8706932192379657,2.2005345004051335,2
-0.8704340159620045,2.1997564644796306,2
-0.8703893608655076,2.197103830098648,2
-0.8711223155968923,2.196785303494167,2
-0.8715960182609788,2.1956888394547214,2
-0.8723289567285839,2.1953703456804163,2
-0.8734905036417437,2.1913036399005037,2
-0.874223377054232,2.190985277446913,2
-0.8739640436680389,2.190207504162842,2
-0.8754297579654597,2.189570844916016,2
-0.8754297579654597,2.189570844916016,2
-0.8756891238792104,2.1903485525397315,2
-0.8764219972916987,2.1900301900861443,2
-0.8761626151141684,2.189252515292605,2
-0.877628329411591,2.188615856045786,2
-0.8782244401645638,2.18034523723993,2
-0.8769270413635297,2.176457848177595,2
-0.8756296425624956,2.1725704591152564,2
-0.8765757142607775,2.1703802231109925,2
-0.8740727640012533,2.167905592240455,2
-0.8754915300093113,2.1646209276678015,2
-0.8747129443546786,2.162288789702007,2
-0.8750929618691661,2.1558958882185877,2
-0.8753060137809445,2.154024310139519,2
-0.8749997808967223,2.1505984330390824,2
-0.8727100777143324,2.1462518301273334,2
-0.8717184564116991,2.145791237410428,2
-0.8704673065575239,2.1445532653715915,2
-0.8689566769431387,2.142537815520285,2
-0.8671398632358738,2.137096390078007,2
-0.8655825943439304,2.132432311127488,2
-0.8637657806366654,2.1269908856852133,2
-0.8619489669293987,2.1215494602429352,2
-0.8601321532221338,2.1161080348006607,2
-0.8559091807867674,2.1134821453677475,2
-0.8501774328078469,2.1088370634431826,2
-0.84668713861962,2.105893205518818,2
-0.8431973323447721,2.102948362689098,2
-0.8401796836749824,2.098910174686882,2
-0.8370434489044172,2.1020384263591474,2
-0.7077406392835925,2.048718788409804,2
-0.705296770092712,2.0488676715519993,2
-0.6995969804399085,2.0441580783268662,2
-0.6995969804399085,2.0441580783268662,2
-0.6993401028843724,2.0433753476858527,2
-0.698354434124921,2.0429027391236545,2
-0.6936833582139226,2.04132163902937,2
-0.6921843409378834,2.0392827484306792,2
-0.690213523859919,2.038336480740565,2
-0.6887562342001221,2.038956133954972,2
-0.6863136498478006,2.0391024235130715,2
-0.6826293811607904,2.0379916338685007,2
-0.6782169718210334,2.0371896530956057,2
-0.673548628224939,2.0356030375313487,2
-0.6676398851327114,2.032756749180326,2
-0.6649826712820257,2.034777801344802,2
-0.6603562016761853,2.035849434122035,2
-0.6584272097971429,2.0375615132639417,2
-0.6579549220818457,2.0386551210778734,2
-0.6501195616223328,2.037516118662708,2
-0.6459662254483085,2.037492436456745,2
-0.6423247903145253,2.039037958173136,2
-0.638171942053873,2.039013291061817,2
-0.6379162354904366,2.0382281966479603,2
-0.6383887508986437,2.037134129211534,2
-0.6393727119612773,2.0376101849424693,2
-0.6371491158001348,2.035872913406383,2
-0.6388612337792932,2.0360401274354665,2
-0.6388612337792932,2.0360401274354665,2
-0.6374048223635693,2.0366580078202396,2
-0.6354758630120863,2.0383700213017946,2
-0.6317961969745873,2.037249940716734,2
-0.6296116774336813,2.038176564312824,2
-0.6264435058419444,2.0386265084045867,2
-0.6220365286044434,2.037813562352106,2
-0.618358098614161,2.0366909866734844,2
-0.6146800589545798,2.0355676230705875,2
-0.6107472072394255,2.0336573593940095,2
-0.6082706368297579,2.0311294779740976,2
-0.6045938006898357,2.030003684937995,2
-0.6014274343775892,2.0304499848799544,2
-0.6002268108442017,2.031852795527694,2
-0.5977883574917922,2.0319907462204796,2
-0.5963327267374705,2.032607050756692,2
-0.5968055999488193,2.031512261056342,2
-0.5923651408311237,2.0280241262903047,2
-0.5916005094990382,2.0256638200314363,2
-0.591345632388343,2.02487705127848,2
-0.5895985525250893,2.0220376360820858,2
-0.586141777985782,2.0190261151600204,2
-0.583158120614506,2.0149193120849276,2
-0.5789380971643467,2.009544694338828,2
-0.574028538032076,2.00714373267175,2
-0.5693377231343035,2.002859702363164,2
-0.5656293079763568,1.999054879482637,2
-0.5607221884109652,1.996648993288801,2
-0.5560702549680752,1.9950292520745272,2
-0.5519275553056389,1.9949840989318766,2
-0.5465500346233387,1.9936680122512715,2
-0.5419355839503197,1.9947153835266622,2
-0.5387747147954443,1.99515058686832,2
-0.5346333487629025,1.9951027416510438,2
-0.5300195323772705,1.9961488325494763,2
-0.5248984013371292,1.995616461415235,2
-0.5202507290043901,1.993988118694217,2
-0.5170909983140568,1.9944210239233886,2
-0.5134243107723524,1.9932747448559596,2
-0.5092850590311091,1.9932226317154864,2
-0.5090315968692032,1.9924330067370093,2
-0.5087781347072973,1.9916433817585304,2
-0.5075448424826767,1.990369362183797,2
-0.5075448424826767,1.990369362183797,2
-0.5063116153131659,1.9890952112883546,2
-0.5043521503530837,1.9881260281337134,2
-0.5002140045488233,1.9880716825411113,2
-0.4972417643505427,1.983941832680781,2
-0.494556777206169,1.9832761727390888,2
-0.4887144338832172,1.9830386248205105,2
-0.48650298676513515,1.9812768291411569,2
-0.48476465681508607,1.9784197513087758,2
-0.48324622582785715,1.9736772738922141,2
-0.4815081235707197,1.9708197364373312,2
-0.4792640728165214,1.9663809792147937,2
-0.4770202172276754,1.9619418280301097,2
-0.4747765568041782,1.95750228288329,2
-0.4727860820583416,1.9538529208279787,2
-0.4693450508572905,1.9508096202932137,2
-0.46662978579722214,1.9474623040928218,2
-0.46587105821698316,1.9450900804791917,2
-0.46485942144333237,1.941927115661013,2
-0.46485942144333237,1.941927115661013,2
-0.46362847120291306,1.940648368540593,2
-0.46214470935175633,1.9385786832345584,2
-0.46236400655474696,1.9366944983669807,2
-0.4642862164378645,1.934996109409468,2
-0.46305533125256204,1.933717230968334,2
-0.46185822069547733,1.9351129502975368,2
-0.4625832387026154,1.934810444820119,2
-0.46233032950920183,1.9340197036155722,2
-0.4591101893615033,1.9290890008557486,2
-0.4559242141727182,1.9268321079419781,2
-0.45444095649871663,1.924761404900412,2
-0.4539015911765816,1.9205048650984882,2
-0.45021083848284427,1.9166643886442145,2
-0.44749791540697714,1.9133123448981344,2
-0.44406088509561137,1.910260968139477,2
-0.44109602865308517,1.906116213378148,2
-0.43910844885994393,1.9024610075510804,2
-0.43494851483273145,1.8997078683466526,2
-0.4341907630792434,1.8973336749223186,2
-0.4333992854888784,1.8922847852371092,2
-0.4314123399831242,1.8886282990330816,2
-0.42892042180706547,1.883388623250692,2
-0.42693383410445307,1.879731414782741,2
-0.4244762597888787,1.8771651877144429,2
-0.4220189456937753,1.8745984353632927,2
-0.41981434562673314,1.8728228181788218,2
-0.41858590000830986,1.8715390152109244,2
-0.4182996227811593,1.8680728554815857,2
-0.4168188372015962,1.8659971622528992,2
-0.41606152457014645,1.8636220824137482,2
-0.4153042119386985,1.86124700257459,2
-0.41476526947482384,1.856989609188032,2
-0.41303227404435283,1.8541217630571296,2
-0.4117358237836779,1.8474896837935564,2
-0.4102211009381058,1.8427397210963203,2
-0.40870637809253196,1.8379897583990825,2
-0.4071916552469581,1.8332397957018465,2
-0.40517202478619474,1.8269065121055288,2
-0.4043798315895444,1.8218590669481678,2
-0.4040924158978516,1.8183952053313135,2
-0.4030824705572371,1.8152288261745824,2
-0.4030473622991231,1.8125569204788725,2
-0.4020373519033935,1.8093906726428575,2
-0.4000526345353901,1.8057296887043908,2
-0.39734595675073514,1.8023650381698015,2
-0.3934127524736013,1.7977127107062643,2
-0.39023729994995726,1.795434576667061,2
-0.3873145451905984,1.7939476106247234,2
-0.384139824537014,1.7916679992274958,2
-0.3807132843632264,1.7885954470037717,2
-0.37800889977143903,1.7852261674140273,2
-0.37458325410550586,1.7821518095304878,2
-0.37187960138377996,1.7787810525827155,2
-0.3684895193617752,1.7783776811498893,2
-0.36798545746310296,1.7767926530815323,2
-0.3670120028018289,1.7762953890553455,2
-0.3633704590627609,1.7750983545320977,2
-0.3616757921186782,1.774895913721581,2
-0.3599811902297141,1.7746933415903499,2
-0.3599811902297141,1.7746933415903499,2
-0.35972930565439043,1.7739005320845642,2
-0.3560885425767193,1.7727019217127555,2
-0.3515091566116464,1.7736785111234976,2
-0.3493453733892089,1.7745632762421195,2
-0.3479028512409208,1.7751531196545294,2
-0.3469299658119187,1.7746547065720968,2
-0.34404498657045224,1.7758342620762093,2
-0.3430721987241281,1.775335652012707,2
-0.3416297416309533,1.7759253641044044,2
-0.34282065568816655,1.7745421530731775,2
-0.3420994434053597,1.7748369762888494,2
-0.3430721987241281,1.775335652012707,2
-0.3437934272707146,1.7750407959668557,2
-0.3437934272707146,1.7750407959668557,2
-0.3447662313808184,1.7755393732001785,2
-0.34260249694972345,1.776424039828262,2
-0.34285402372190354,1.7772175715979728,2
-0.34260249694972345,1.776424039828262,2
-0.34235097017754157,1.7756305080585548,2
-0.3418479166331778,1.7740434445191369,2
-0.34235097017754157,1.7756305080585548,2
-0.34382682783200913,1.7777161488312974,2
-0.34310555049408364,1.7780111033676818,2
-0.3430721987241281,1.775335652012707,2
-0.3442965458701934,1.7766277281855647,2
-0.3435752847960476,1.7769226498917714,2
-0.34332374176008784,1.7761291509522366,2
-0.3430721987241281,1.775335652012707,2
-0.34112672061414884,1.7743382349046328,2
-0.3396843285760891,1.7749278156756176,2
-0.3382419365380347,1.775517396446606,2
-0.3370178821399925,1.7742247293305375,2
-0.33529106694561506,1.7713444077318456,2
-0.3326250433677753,1.770640467802128,2
-0.33114993384715063,1.7685533168411744,2
-0.32870263824002954,1.7659663411001265,2
-0.3267581684843641,1.7649668885209877,2
-0.3260043200378817,1.7625848158538329,2
-0.3235575773992512,1.7599967238867151,2
-0.3215806015901421,1.7563201127833263,2
-0.3188831453682912,1.7529368475375797,2
-0.3164371833910664,1.7503471797218992,2
-0.31471199457460663,1.7474635751053604,2
-0.3127357994268962,1.7437853881534107,2
-0.31075976691698237,1.7401068728996698,2
-0.309035000958783,1.7372224146984951,2
-0.30731036511081555,1.7343376938558972,2
-0.30702616964740415,1.7308673318637169,2
-0.3082485651399658,1.7321633476579805,2
-0.30200409136895345,1.7149796247767686,2
-0.30031336025943745,1.714769239063079,2
-0.30074857179934256,1.711007698005032,2
-0.29974415614365313,1.707830156587642,2
-0.29805371778216383,1.7076191799307416,2
-0.2967983608503424,1.7036469248572175,2
-0.2965135961546572,1.7001777119212829,2
-0.29478978975943093,1.6972913167395856,2
-0.29497318177912746,1.6927368348550402,2
-0.29569255625488466,1.6924457214495288,2
-0.29450489495351206,1.693822366445076,2
-0.2971313052064044,1.6918634946385076,2
-0.2978506796821616,1.691572381232998,2
-0.29371766220951656,1.6887649080833018,2
-0.2924621426399021,1.684792981311567,2
-0.29073858020136356,1.6819060936771884,2
-0.2895172906457848,1.680607845430794,2
-0.2865728289823686,1.6764219216257406,2
-0.28434767673959094,1.67194501573589,2
-0.28115290808743154,1.6669630978977477,2
-0.28011466901218895,1.6611110572005536,2
-0.27907620224403473,1.6552594761258614,2
-0.2792580817322694,1.6507080474479086,2
-0.2782190782594025,1.6448575497691014,2
-0.2784003234602448,1.6403074014681103,2
-0.2766425960627892,1.6347467039876733,2
-0.27513597257925326,1.6299803918615936,2
-0.27266026939105004,1.6247079843913284,2
-0.268964821706291,1.618134209807721,2
-0.26839177933861436,1.6112028752543868,2
-0.2666341657876128,1.6056419479627078,2
-0.2644101520093809,1.6011627439603675,2
-0.2636211139858933,1.5961089297483966,2
-0.26304693315367444,1.589179893307552,2
-0.26272338458578304,1.5830461942962284,2
-0.2631164131236243,1.5766270286700816,2
-0.2623261390529201,1.5715757095516754,2
-0.2620012568551324,1.5654447026149771,2
-0.26121047860727487,1.5603944012320987,2
-0.26063353293259084,1.5534709459215819,2
-0.25719021377984497,1.5476894883910859,2
-0.2573290808132782,1.540482109484131,2
-0.2579698954540852,1.53486402656873,2
-0.25835871167312163,1.5284533639587892,2
-0.25777939148667706,1.5215347018543248,2
-0.25888278436660883,1.5148426107414998,2
-0.2592695025581264,1.50843618322458,2
-0.25990714576199636,1.5028245021939597,2
-0.25982863471838513,1.4974974341935336,2
-0.2592859190577368,1.4932476574083626,2
-0.25731222853202596,1.4895644146089353,2
-0.2567693502335864,1.4853149661255465,2
-0.25504746296430447,1.4824246969827932,2
-0.2537892598711249,1.478458187190494,2
-0.2522794161593094,1.4736983754397368,2
-0.25051793182885973,1.4681452617305144,2
-0.24921964376113692,1.4615168922770998,2
-0.24960221468895938,1.455118836455668,2
-0.24880660609868066,1.450078285635776,2
-0.24536383991442356,1.4442957118792084,2
-0.24431639554015483,1.438462253062994,2
-0.24301700153544914,1.4318361160617137,2
-0.2412549479727275,1.426284151408737,2
-0.23873772859741038,1.4183527733330585,2
-0.2362618139800734,1.4130807926551157,2
-0.23353443764567317,1.4070151488867495,2
-0.23080732153174033,1.4009489798355261,2
-0.2285422632159939,1.3938098531525984,2
-0.2251022293466427,1.3880217639260586,2
-0.22405395551963636,1.38218997944894,2
-0.22229235734272912,1.3766370955509704,2
-0.22338269040797165,1.3699713670714146,2
-0.22208176760801734,1.363348316106899,2
-0.22270960375303162,1.3577564316738648,2
-0.22455321603247924,1.3534739249177115,2
-0.22421540413023422,1.3473690179728486,2
-0.22387713684217125,1.3412650302729876,2
-0.22471112905658686,1.333815487756528,2
-0.22248700143190092,1.3293365135654351,2
-0.22357172349331655,1.322682111497432,2
-0.224403438778646,1.3152371652059518,2
-0.22330613489853945,1.3067615776658403,2
-0.2236763778817359,1.300388407119648,2
-0.22333433739689923,1.2942920360211758,2
-0.22177590275402181,1.2868875347926085,2
-0.22051477218058757,1.2829269344324192,2
-0.21920820584925593,1.276315275539817,2
-0.2171902668215271,1.2699785776049488,2
-0.21496579765747903,1.2655002928476016,2
-0.21391111590147105,1.2596814434607833,2
-0.21164093449527677,1.252552658284051,2
-0.21154879440470253,1.2472531019731292,2
-0.21069934168268212,1.239578465823051,2
-0.21111100327031274,1.23586446286334,2
-0.2105129146826794,1.22898368678476,2
-0.2099143056541095,1.2221039612718858,2
-0.20956761372842792,1.2160169796044364,2
-0.2106403819121354,1.209386707717556,2
-0.21388972767134007,1.204588619412549,2
-0.2147561608840789,1.1998163667410555,2
-0.2149606417842218,1.1979620901660066,2
-0.21461131512630693,1.1918804269874634,2
-0.21735253304203894,1.1855055181586955,2
-0.22009257996566767,1.1791329731027744,2
-0.2224245433330836,1.1764672083673133,2
-0.22283145589719666,1.1727627918196966,2
-0.22156650333565153,1.168809906551438,2
-0.2200485602617981,1.1640664442295208,2
-0.21878360770025296,1.1601135589612621,2
-0.21655665017798498,1.15564029722122,2
-0.21503880468680592,1.150896637918235,2
-0.21281213991256642,1.1464227852349715,2
-0.2112943920040653,1.1416789289509204,2
-0.2100296020803114,1.1377257153808777,2
-0.20780331137299335,1.1332511076035132,2
-0.20628566104716484,1.1285070543383906,2
-0.20502095244230922,1.1245536766174506,2
-0.20491983474562048,1.1192722425650175,2
-0.20411015798634047,1.1142600898494415,2
-0.20522250696743782,1.1102926953592078,2
-0.20582828942786513,1.1047453286480966,2
-0.2069397601648877,1.1007797069875007,2
-0.20799911073076238,1.0941765199978093,2
-0.21007061851122444,1.0907352472605876,2
-0.2102196776930434,1.0862500698826647,2
-0.2099141116237675,1.0828228467449144,2
-0.2086475326843047,1.0788732444944937,2
-0.207887585320627,1.0765034831442417,2
-0.20642018483134095,1.0744007706787304,2
-0.20399221059390094,1.0717747926857264,2
-0.2025250703250805,1.0696715549373579,2
-0.20125881666120016,1.0657212960833693,2
-0.19999256299731982,1.0617710372293843,2
-0.19847305860066555,1.057030726604598,2
-0.19624657272799695,1.05255651278938,2
-0.19614093370069163,1.0472842055265321,2
-0.19436806472480583,1.0417540729421972,2
-0.19259519574891826,1.0362239403578641,2
-0.1926886380470627,1.0291082561392049,2
-0.19212850387890157,1.0248936404751081,2
-0.19343390032337027,1.0190950490252497,2
-0.19499197826834447,1.0140876584024312,2
-0.19584322111131414,1.0093460691175746,2
-0.19669397604091188,1.00460546473807,2
-0.19825026497017184,0.9996016854348806,2
-0.19935363634515824,0.9956524132031266,2
-0.2006550318999416,0.9898618979771605,2
-0.20124988510075426,0.9843365931459349,2
-0.2013923086606635,0.9798648104808017,2
-0.20057497166138027,0.9748681207792629,2
-0.20097066221784488,0.9711863570547461,2
-0.19995518719230176,0.9680311401586739,2
-0.19843197465398887,0.9632983148145655,2
-0.19620350460026081,0.9588281062811141,2
-0.19563941833375154,0.9546214683503678,2
-0.19482128440928825,0.9496263873275712,2
-0.19490504975881606,0.9425302370650623,2
-0.19715971662490084,0.9372777281166851,2
-0.19845470425068434,0.9315001479810086,2
-0.19879011021884807,0.9251972996769595,2
-0.19937901087647347,0.9196840106910358,2
-0.197403645181506,0.9160041493999849,2
-0.19689532217268457,0.9144277228383721,2
-0.19497817556606023,0.9133731155595086,2
-0.19542844212433153,0.9123239598071429,2
-0.19683723319457336,0.9118022061847526,2
-0.19863784404183527,0.9076065024203039,2
-0.19576227050591122,0.9060242960304059,2
-0.1966039014553811,0.901302109380989,2
-0.195586930162154,0.8981499128613315,2
-0.19386588860938403,0.8952579365492994,2
-0.19048278898982396,0.8920976949190482,2
-0.18588804423574246,0.887619736746597,2
-0.18225203542276702,0.8836687539118024,2
-0.1779129321770032,0.8799760214739294,2
-0.17568535663112783,0.8755040072806608,2
-0.17205100672363116,0.8715496757676604,2
-0.16796772388775594,0.8686418079323985,2
-0.16599505798013503,0.8649564968317325,2
-0.16261607309670723,0.8617879491663398,2
-0.16064389510246357,0.85810165316032,2
-0.15740302387745686,0.850470022827075,2
-0.15798909463750554,0.8449624462921896,2
-0.15812563070934615,0.8405025481516439,2
-0.15615363161666984,0.8368158910136572,2
-0.15182005805583287,0.8331119963151252,2
-0.1497898886661524,0.8267999866744162,2
-0.14807236008969404,0.8239009190438509,2
-0.14660870026962058,0.8217906556373027,2
-0.1477597192764719,0.820487977033709,2
-0.1468035855400398,0.8199557488675193,2
-0.14744694835301786,0.8170752976649922,2
-0.14744694835301786,0.8170752976649922,2
-0.14508626839271166,0.817056254444628,2
-0.14438397088510513,0.8173128961628127,2
-0.143310097869648,0.8115327863865147,2
-0.14389392422816627,0.8060297404162498,2
-0.1446714486012226,0.7986941842792277,2
-0.145701849640135,0.792149435007099,2
-0.14296879724679812,0.786095248970998,2
-0.14138525132884538,0.778741437537894,2
-0.14202653237808605,0.7758651885982069,2
-0.14260708971698577,0.7703687414938081,2
-0.14082909765065388,0.7648489504156721,2
-0.14070752011974363,0.7596088167276669,2
-0.14224186921087068,0.7546493253351478,2
-0.14211934838076523,0.7494110957974929,2
-0.14174227571554887,0.7433854409033103,2
-0.14161894169648193,0.738148852874577,2
-0.1414952173467121,0.7329130527701224,2
-0.14207172500459642,0.7274247803801455,2
-0.1450035943669885,0.7219662866788674,2
-0.14583310880095546,0.7172685585123659,2
-0.14831739512864672,0.7128538035840108,2
-0.14990947539474497,0.7105205511090347,2
-0.15156478399318019,0.7108024409512979,2
-0.1518193683558522,0.7115898006474648,2
-0.15436629751982345,0.709791369922776,2
-0.15462094693760875,0.7105785982982322,2
-0.15646743266480634,0.7090330666513829,2
-0.15786818942812886,0.7085275311371237,2
-0.15977847271993184,0.7095959927512769,2
-0.15907806181071393,0.7098488261687628,2
-0.16003323598417118,0.7103829913154804,2
-0.1612432222132103,0.7117040565358685,2
-0.1565311001191798,0.7116473225538087,2
-0.15914184311153967,0.7124628522599377,2
-0.1614980017412293,0.7124910222698961,2
-0.16468134908446785,0.7078261588288655,2
-0.16767348677138472,0.7049887825372974,2
-0.1709203389311984,0.7029385033004729,2
-0.17365678631846038,0.6993159997648704,2
-0.17664794817862095,0.6964805932840115,2
-0.17728280503508032,0.6936173122647986,2
-0.17791746672618913,0.6907544252077198,2
-0.17925206767692003,0.6876396568083347,2
-0.17963094148569958,0.6839918394882911,2
-0.1809649569403824,0.6808782529753294,2
-0.18299865143421812,0.6775133104029027,2
-0.1843320326015121,0.6744010042668958,2
-0.1858538423188829,0.6694668249419315,2
-0.18667524112703582,0.6647854790344461,2
-0.18705213075475058,0.6611416669961763,2
-0.18838409697325176,0.658032217085692,2
-0.1886927490246464,0.6517833744251256,2
-0.18913651007123455,0.6507473507441297,2
-0.19027973872785253,0.6494603977959912,2
-0.18855708706094987,0.6465716716716248,2
-0.18823330555897932,0.6431812183336909,2
-0.18930800389124514,0.6392898257064701,2
-0.1873977531269979,0.6382212984319651,2
-0.1887962980163529,0.6377202278219656,2
-0.18898383205857527,0.635900160292822,2
-0.18987050843524145,0.6338298201001038,2
-0.18693687844876727,0.6296220313962326,2
-0.18616927084508816,0.6272677330600089,2
-0.1872427819214728,0.6233787370358179,2
-0.1880599358832562,0.6187059598049043,2
-0.18766576998610773,0.6127148094282298,2
-0.18848193185735695,0.6080440348381977,2
-0.1894840176566941,0.601556442906686,2
-0.19004286285037075,0.5961038240904575,2
-0.18946047983226855,0.5919341201104231,2
-0.1895762795856406,0.5875160804473403,2
-0.18855143662328544,0.5843797737340335,2
-0.18943551079527943,0.5823146863698625,2
-0.19039001815379386,0.5828501975538938,2
-0.18943551079527943,0.5823146863698625,2
-0.18613016306287022,0.5817402697075291,2
-0.18466346191608807,0.5796361455443417,2
-0.18319685835197852,0.5775318244000882,2
-0.18007811762638504,0.5751392115287786,2
-0.1794956044980509,0.5709697701901728,2
-0.1786567993102306,0.5660164163241284,2
-0.17928406098180716,0.5631684669982295,2
-0.17984027144325587,0.5577211666709054,2
-0.17900063680269973,0.5527694871439603,2
-0.18050969571718056,0.547861046678868,2
-0.18164846809830237,0.5465830891996148,2
-0.18201810408049823,0.5429539194209081,2
-0.1819464511105391,0.5403557831360821,2
-0.18169007773215995,0.5395720347595407,2
-0.18290025912654784,0.540892706017793,2
-0.1842951284018035,0.5403990550281144,2
-0.18726929461270814,0.5375979560836885,2
-0.19094050513054128,0.5345508195687039,2
-0.19435462666370995,0.5307213792050334,2
-0.19776816270082342,0.5268931207277809,2
-0.1997132573667848,0.5209642509164318,2
-0.2016573762059899,0.5150373509157884,2
-0.20385755941177486,0.5098948230650766,2
-0.2063140509408239,0.5055361749116241,2
-0.20851268908758058,0.5003967659278636,2
-0.20975647833646782,0.49472253519381404,2
-0.21099948692395287,0.4890498803083325,2
-0.21345309976408267,0.4846970430964568,2
-0.21469457955632265,0.47902747424774184,2
-0.21593527868715867,0.4733594812475932,2
-0.2164789009835122,0.4679375914783499,2
-0.21970270736821007,0.4659338326043354,2
-0.24568438523042424,0.5352450121357695,2
-0.24604878427571997,0.5316264136745144,2
-0.24597309788852328,0.5290364192739325,2
-0.2426671321325049,0.5284632501583797,2
-0.2426671321325049,0.5284632501583797,2
-0.2426671321325049,0.5284632501583797,2
-0.2426671321325049,0.5284632501583797,2
-0.24460829096390135,0.5225423252502033,2
-0.2479432781886839,0.5161298504837788,2
-0.2479432781886839,0.5161298504837788,2
-0.24724587607861181,0.5163766103182574,2
-0.24889861499993593,0.5166636873287089,2
-0.24657720268928074,0.5096383172139678,2
-0.24502959448217965,0.504954737137469,2
-0.24539207440153277,0.5013400126372627,2
-0.24792247956584745,0.49957493737383807,2
-0.24766444728198778,0.49879453767549364,2
-0.24611625357883682,0.49411213948542,2
-0.24882680902961773,0.4905419015938399,2
-0.25223375823616045,0.48672693933884403,2
-0.2520780592964993,0.4815556833651442,2
-0.25365182654722673,0.4792593976710524,2
-0.2573155557266311,0.4762273630381344,2
-0.2598439767098828,0.47446629305647825,2
-0.2626307877801377,0.47348490050923786,2
-0.2658557001018238,0.47147890918308377,2
-0.26629376882569744,0.4704543760645272,2
-0.2698564982907943,0.4718105056323445,2
-0.2722053870111871,0.47185335073205437,2
-0.276644627990958,0.4711596589686522,2
-0.2804672112831845,0.47329251125483296,2
-0.28403135569707416,0.4746457845971257,2
-0.2890699265528607,0.4780875877678561,2
-0.2902047793631972,0.4768175423615997,2
-0.29263509558484024,0.47943879280891544,2
-0.29436859519246816,0.48230562120427933,2
-0.29418972974455393,0.48410819024833707,2
-0.294707941131124,0.4856646560614788,2
-0.29600346959755264,0.4895558205943331,2
-0.294688970677905,0.4926300108932047,2
-0.294688970677905,0.4926300108932047,2
-0.29484857292457,0.49779338762409253,2
-0.29745882800355794,0.4986099022355681,2
-0.29867440897263897,0.49991967387459013,2
-0.3008466441190851,0.5017606231140874,2
-0.30301907443088183,0.5036011783914471,2
-0.30563007764371264,0.5044161828147189,2
-0.30883985776406675,0.5093677983981912,2
-0.3122293165212948,0.512515203428686,2
-0.3139642798690492,0.5153790771079976,2
-0.31569937332703724,0.5182426881458824,2
-0.3178732023238453,0.5200804200279023,2
-0.32074521409212764,0.5216698162268703,2
-0.3211837869931564,0.5206442653727859,2
-0.3237966280130298,0.521455559985899,2
-0.32519263575282764,0.5209596108837342,2
-0.3272866473625271,0.5202156872304826,2
-0.3264096641982608,0.522266460636871,2
-0.3257116278007999,0.5225145008483114,2
-0.32545213177681376,0.521737055866021,2
-0.325532550923759,0.5243174966846844,2
-0.3262306198487739,0.5240693908128868,2
-0.32649011587276,0.5248468357951737,2
-0.325971123824786,0.5232919458305982,2
-0.3250135914033443,0.5227625410597518,2
-0.32527307116355075,0.5235400188722181,2
-0.325971123824786,0.5232919458305982,2
-0.325971123824786,0.5232919458305982,2
-0.32527307116355075,0.5235400188722181,2
-0.3264096641982608,0.522266460636871,2
-0.32545213177681376,0.521737055866021,2
-0.32545213177681376,0.521737055866021,2
-0.32545213177681376,0.521737055866021,2
-0.326150151910495,0.5214890484847601,2
-0.326150151910495,0.5214890484847601,2
-0.32545213177681376,0.521737055866021,2
-0.3249331397288415,0.5201821659014438,2
-0.32589063962272924,0.5207116363326492,2
-0.3246736437048554,0.5194047209191552,2
-0.32519263575282764,0.5209596108837342,2
-0.3246736437048554,0.5194047209191552,2
-0.3246736437048554,0.5194047209191552,2
-0.32519263575282764,0.5209596108837342,2
-0.326150151910495,0.5214890484847601,2
-0.32527307116355075,0.5235400188722181,2
-0.3278057369931737,0.5217703802139884,2
-0.3278057369931737,0.5217703802139884,2
-0.325971123824786,0.5232919458305982,2
-0.32527307116355075,0.5235400188722181,2
-0.325971123824786,0.5232919458305982,2
-0.325971123824786,0.5232919458305982,2
-0.32710770059571814,0.5220184204254288,2
-0.3250135914033443,0.5227625410597518,2
-0.3272866473625271,0.5202156872304826,2
-0.3265886434926273,0.5204636617815659,2
-0.32581005783799455,0.5181315238157698,2
-0.32529100073490547,0.5165767651719033,2
-0.3267675577318787,0.5186609942469751,2
-0.32632911494108363,0.5196862824596327,2
-0.3249331397288415,0.5201821659014438,2
-0.3826348177271921,0.41564389658116063,2
-0.3848974648676915,0.4131180540660786,2
-0.38785619675214456,0.41034811096096213,2
-0.38881007670994805,0.40395782767824784,2
-0.3919405017156894,0.39939979363775535,2
-0.39420155500582865,0.396877168480156,2
-0.39585566008460127,0.39716148775561955,2
-0.39559382207641214,0.396388770319021,2
-0.39559382207641214,0.396388770319021,2
-0.3950701460600303,0.3948433354458256,2
-0.39576624706776364,0.3945992020256206,2
-0.39550439279579486,0.39382651741919616,2
-0.3949806842518573,0.39228114820635795,2
-0.3962831317111206,0.3892312850696804,2
-0.3945395810879546,0.3863847457245697,2
-0.39418790720466745,0.3830505961426045,2
-0.3936641010780537,0.38150542391083775,2
-0.39078316738167906,0.3730069766361126,2
-0.38625757097556424,0.3711322105959667,2
-0.3839911412611965,0.36673862769891663,2
-0.3853821397570023,0.36625279029169633,2
-0.38189669741614196,0.3605563629232744,2
-0.3795404480904594,0.3536013150506818,2
-0.37979313647764457,0.34746544103402144,2
-0.3766508852140138,0.3381932257569833,2
-0.37403234249432415,0.3304663796927869,2
-0.37315587039389264,0.3255890605199365,2
-0.3723702587866473,0.32327110519121405,2
-0.3694100212574156,0.3191170266592156,2
-0.36948968289341444,0.31477193565256023,2
-0.369227812357666,0.3139992838763188,2
-0.365573653167111,0.31008493952062466,2
-0.36270539833182447,0.30848795955044395,2
-0.3612258650632594,0.3064097383980169,2
-0.35792562415752016,0.30582501305966403,2
-0.355752283074084,0.30398629627229745,2
-0.3547056466476075,0.3008939819980565,2
-0.3582552581295797,0.29534953067614467,2
-0.35964323156245825,0.294869799682111,2
-0.35885781512056525,0.29255145039124564,2
-0.3592899313012534,0.2915389331179874,2
-0.36240578396083833,0.2870103149173495,2
-0.3616200259795814,0.2846926550602298,2
-0.3581373159536234,0.2789907122218356,2
-0.35890867111320013,0.2744103847733186,2
-0.3621146361321266,0.2724426406050142,2
-0.36228414990700486,0.27065894891354425,2
-0.3608970547182029,0.2711369070779437,2
-0.36297769750140496,0.27041996983134453,2
-0.36271564806408385,0.269647679187063,2
-0.3647034299092553,0.26637541620828564,2
-0.3649655444016915,0.2671475755318493,2
-0.36817084260567334,0.2651811774008568,2
-0.3693887492951795,0.2664862543243647,2
-0.3739810288415022,0.26404212784022363,2
-0.37493686982991115,0.2645749469496277,2
-0.37840444516411864,0.26338037984041485,2
-0.38100993495579694,0.2642065136941696,2
-0.3837841253333991,0.2632505973653707,2
-0.3889016096913469,0.26234881971765844,2
-0.3913184989180607,0.2580701130486265,2
-0.39426036526348796,0.25533421483851804,2
-0.39277850627449595,0.2532606884016104,2
-0.39433306600199813,0.251003175148222,2
-0.39624559369532975,0.2520671061977531,2
-0.3976324286636608,0.2515896733162073,2
-0.398756319686818,0.25034175545020076,2
-0.40014312212759506,0.24986438822901214,2
-0.3986608402803462,0.2477917153767457,2
-0.3963898241802397,0.2434073905900025,2
-0.395338048399541,0.24032545065213995,2
-0.39471643714603033,0.23623493306242338,2
-0.3964367699791911,0.23220127905859833,2
-0.3979189379799859,0.23427418172211745,2
-0.39722584577140374,0.23451224155932415,2
-0.3965327535628216,0.2347503013965273,2
-0.39705877156340463,0.23629100872403264,2
-0.3978477985642801,0.23860206971528797,2
-0.3971546250368032,0.2388402937033849,2
-0.3967244279820594,0.23984893701558718,2
-0.3956009923447148,0.24109593563660248,2
-0.3961268802350659,0.2426369056055364,2
-0.39474040306987845,0.2431136162231553,2
-0.3943100596411213,0.2441225550069639,2
-0.39387968368480486,0.24513155945113319,2
-0.39275598782699817,0.24637908335499858,2
-0.39232553055178343,0.24738825195006164,2
-0.39189504074901294,0.2483974862054783,2
-0.39103396356079934,0.25041615169738307,2
-0.3896472587027002,0.25089332193750025,2
-0.3916544363497678,0.25450896739958395,2
-0.39096100260182354,0.25474771667053275,2
-0.3893114188536675,0.25445427060546955,2
-0.38861800136949753,0.25469298704624244,2
-0.386968498940238,0.25439937683028546,2
-0.3861069663662047,0.2564189615671886,2
-0.38472009887031433,0.2568964601090844,2
-0.3840266651223665,0.25713520938003676,2
-0.38333323137442044,0.25737395865098733,2
-0.3829023512409524,0.25838398083068626,2
-0.3785790513634488,0.18669000365203203,2
-0.3799631865444333,0.1862180205801085,2
-0.38125021594102293,0.18319928045256084,2
-0.3826342535393348,0.1827274943617052,2
-0.38609434753511174,0.18154802913456436,2
-0.38731274213799693,0.18285212115271499,2
-0.3924204031733147,0.18197017293275586,2
-0.39848380761436175,0.1816212408032758,2
-0.402471334559511,0.18197962667811218,2
-0.4067890090309785,0.1787885544474257,2
-0.41242493246840795,0.17944278299035155,2
-0.41466591625502147,0.17696067027290674,2
-0.41492972218049395,0.17772941525791808,2
-0.41806153898456166,0.18009563266578965,2
-0.4213581693313255,0.18068764630374723,2
-0.42439107507150986,0.18051075080580148,2
-0.42429131829110744,0.17796934506926831,2
-0.42573977836431354,0.1731832298489202,2
-0.42909998546945616,0.16946262152667124,2
-0.4331516258777022,0.1655073020454143,2
-0.4323587931524955,0.16320392331590483,2
-0.43858652322285785,0.16108177232186094,2
-0.437630145529738,0.1605500366083472,2
-0.4366738003641757,0.16001823523447456,2
-0.43640940894265157,0.1592506721358884,2
-0.43640940894265157,0.1592506721358884,2
-0.4383837243786566,0.15600559254482782,2
-0.4406221710157112,0.1535286013352124,2
-0.4458922385543964,0.15087730821175427,2
-0.44813009969540474,0.14840149888856224,2
-0.4482924248798792,0.14663231813594813,2
-0.4493085736070519,0.1428591141509976,2
-0.4555338153191979,0.1407419861742536,2
-0.4554306756727211,0.1382074091148322,2
-0.46080230527129906,0.13809387757810043,2
-0.4598455860388171,0.1375628312983288,2
-0.46495236883005653,0.13668265590800566,2
-0.46643956233862305,0.1387454140463973,2
-0.47154693062591413,0.13786405676965252,2
-0.47474027495218607,0.13592178881978967,2
-0.4762281515394786,0.13798316809068645,2
-0.48186706751227604,0.1386313558807899,2
-0.4861229217135161,0.13974935995103976,2
-0.48856911138365433,0.14233856814422552,2
-0.4907499175417378,0.1441622158797049,2
-0.4958595790218947,0.14327622954780495,2
-0.500437725344101,0.14086063248869962,2
-0.500437725344101,0.14086063248869962,2
-0.5054933731680435,0.14426796397210673,2
-0.5081016278021853,0.1450885166955267,2
-0.5105499968187335,0.1476733256448064,2
-0.5123063795636877,0.150493961979155,2
-0.5131045305446911,0.1527866052403244,2
-0.5155534525297316,0.1553702979635343,2
-0.5182687501173575,0.15871754850357078,2
-0.5202918500042557,0.1623010532209932,2
-0.519705101406652,0.16506722257248008,2
-0.5235400451710674,0.1671751239230641,2
-0.5243385376914329,0.1694670777504914,2
-0.524444295806358,0.17199636915119676,2
-0.5248160879845063,0.17528990780246545,2
-0.5256144829221974,0.17758205861095888,2
-0.5306760019704271,0.18097753839995967,2
-0.5327000939478594,0.18455904047650407,2
-0.53515119527931,0.18713833395580792,2
-0.537763092999997,0.187951532719266,2
-0.540641545224835,0.18952792816758723,2
-0.5446402941776292,0.18986366121932718,2
-0.5502924000753566,0.19048522373473986,2
-0.5553584892455401,0.1938714782436044,2
-0.5591452092591318,0.20026100986598827,2
-0.5610656086215933,0.2013090511091704,2
-0.5650134503000004,0.205931831412137,2
-0.5709364206033705,0.20730789061512844,2
-0.572003874667212,0.21035818226100922,2
-0.5751528497583287,0.2126897638306584,2
-0.5782490472404511,0.2193121681220589,2
-0.5810785926357411,0.22517157270966415,2
-0.5842289176205355,0.2275004293745031,2
-0.5850298984991191,0.22978736018463408,2
-0.5889282478519249,0.23869433151330988,2
-0.5893017965182246,0.2419843245053137,2
-0.5937886509567907,0.2481215808232431,2
-0.5984369523357547,0.25249142921819256,2
-0.6025518194308219,0.2553355408469873,2
-0.6059185397792248,0.26271313125970863,2
-0.6090183803478855,0.2693281815911437,2
-0.6138305194427875,0.2719257960268848,2
-0.6163968606724382,0.27701524091287766,2
-0.6212104635074649,0.27960990063256475,2
-0.6221732816571457,0.2801286355954353,2
-0.6251687465321165,0.28421160396099765,2
-0.6287533670440055,0.2855235441086723,2
-0.6312146495012367,0.28808228589629614,2
-0.6322847708248691,0.2911271933929136,2
-0.6325523011557745,0.2918884202670693,2
-0.6376366057586544,0.2952379049761209,2
-0.6393491397093864,0.30233134026427244,2
-0.640312722256688,0.30284853220875263,2
-0.6427752732886969,0.30540471324245466,2
-0.7456927521740528,0.31955705117893807,2
-0.7474685376075811,0.3223385211104457,2
-0.7514934712448795,0.32262139757494523,2
-0.7531574972289583,0.322885690441586,2
-0.7540120689055012,0.320880157021044,2
-0.7561033482002895,0.32014174883777,2
-0.7577674555032665,0.3204058775535117,2
-0.7588917205933488,0.3191572045933988,2
-0.7623771860846666,0.31792652428794277,2
-0.7650086328679411,0.3187002611769554,2
-0.7666730003913838,0.31896386460984694,2
-0.7683374329699451,0.31922733672202064,2
-0.7700019306036232,0.3194906775134818,2
-0.7724771348558406,0.3220213166683923,2
-0.7756499038559177,0.3243048676870295,2
-0.7781256936041885,0.3268343249555077,2
-0.780331415871995,0.32860767685766135,2
-0.7822669730766645,0.3296251203745726,2
-0.783775553454868,0.331644706828353,2
-0.7850138386597081,0.33290864753831073,2
-0.7864089031003108,0.33241460258649624,2
-0.7881882015101436,0.3351889811994653,2
-0.7883018800855375,0.3377022843032833,2
-0.7878746430386059,0.338704952523015,2
-0.7902380878413737,0.33871841461304975,2
-0.7943814165500314,0.34150507342963365,2
-0.7974430441242699,0.34127019983662166,2
-0.7992657359425088,0.3397726987407861,2
-0.8008176446739999,0.3375205368064762,2
-0.8031815611263653,0.33753304682133667,2
-0.8068263592667844,0.3345392265160889,2
-0.8091903733018295,0.3345515395498815,2
-0.811283555458786,0.3338092902357275,2
-0.813647715867841,0.33382130779791375,2
-0.8141896723720343,0.3353298415505783,2
-0.8143454595172734,0.33357385852968235,2
-0.8154699197727009,0.33232479160743367,2
-0.8147721923870499,0.33257220804548027,2
-0.8129499722184086,0.3340687570661416,2
-0.8140744650013971,0.3328196244835304,2
-0.8146568386423976,0.33006228645003866,2
-0.8155100766890424,0.3280594451041239,2
-0.8167896898023237,0.3250556755379339,2
-0.8166739131994145,0.32254660752713527,2
-0.819308905486551,0.32331318743725745,2
-0.8201616556198221,0.3213113309966964,2
-0.8196192437298144,0.3198037164890266,2
-0.8211692821266947,0.31755533002523784,2
-0.82229296172072,0.316307838951543,2
-0.8217503871929175,0.314800552745659,2
-0.8228739366767144,0.313553324313391,2
-0.8226026168852556,0.3127997468708088,2
-0.8219052147751835,0.31304650670529277,2
-0.822486010829607,0.3102923531991024,2
-0.8219433387191319,0.3087852639742863,2
-0.8227952431358787,0.3067851147030094,2
-0.82337561633204,0.30403181478146024,2
-0.8228328141113295,0.3025249881980727,2
-0.8207411932771755,0.30326408581509234,2
-0.820895663056298,0.30151076203864946,2
-0.8198101887251106,0.2984968462304476,2
-0.8195760007870625,0.2934840286977458,2
-0.8190331985663519,0.2919772021143565,2
-0.8182189952352843,0.2897169622392717,2
-0.8167079102350829,0.2877024316329617,2
-0.8164365253885055,0.28694898551109027,2
-0.8153141468968155,0.2881938501705079,2
-0.8160110285659492,0.2879481409017348,2
-0.8128351043927076,0.28567095893770755,2
-0.8124465767857707,0.2824112025400165,2
-0.8119039046752938,0.2809041133152004,2
-0.814690780800662,0.279922589447251,2
-0.8166632584296156,0.2766812196663526,2
-0.8168169638111173,0.274929438908293,2
-0.8173956943655796,0.2721794548347667,2
-0.8186707698844664,0.2691848448883487,2
-0.8207603902737794,0.268449785383277,2
-0.8218818254662779,0.2672068248742061,2
-0.8235465507928659,0.267469706043169,2
-0.825211341174569,0.26773245589142114,2
-0.8260264715410504,0.26999082444633515,2
-0.825211341174569,0.26773245589142114,2
-0.8247864786393997,0.26873033090510745,2
-0.8240899059820705,0.2689754164004938,2
-0.8250581724977799,0.2694831532535922,2
-0.8256015602145421,0.2709887979505581,2
-0.8262981816632085,0.27074361396463864,2
-0.8249049387658758,0.2712339819364775,2
-0.8269948031118766,0.27049842997872275,2
-0.8268416019075282,0.2722491930012474,2
-0.8287783951594179,0.273264141424594,2
-0.829050137809137,0.2740168652825403,2
-0.830290358403694,0.2752768992012662,2
-0.831105635144187,0.2775349722845739,2
-0.8313773940576858,0.27828766331234434,2
-0.8328895199397586,0.2803000927872379,2
-0.8331612951170371,0.2810527509848253,2
-0.8344017434045021,0.28231232528105465,2
-0.8361858721567579,0.2850769533310409,2
-0.8386671590623926,0.28759531399922267,2
-0.8373914492561205,0.2905912043225918,2
-0.8375449106809363,0.28883991601720993,2
-0.8380885260906066,0.2903451010916811,2
-0.8386321415002786,0.29185028616614694,2
-0.8396010748309344,0.2923566769819317,2
-0.8420827520672702,0.29487424972582765,2
-0.8433236882681125,0.2961328391167086,2
-0.8426264650596149,0.2963792378192256,2
-0.8433236882681125,0.2961328391167086,2
-0.8423546085634435,0.29562674377252485,2
-0.8420827520672702,0.29487424972582765,2
-0.8437490224528812,0.2951340120278445,2
-0.8422010820835126,0.2973781633986228,2
-0.8422010820835126,0.2973781633986228,2
-0.841775666579851,0.29837715463837533,2
-0.8419292418511191,0.2966256365217461,2
-0.8422010820835126,0.2973781633986228,2
-0.8408066031389598,0.29787102646402097,2
-0.8427447625482998,0.2988832171523761,2
-0.8445294605328257,0.30164669614611483,2
-0.8477090928477278,0.3039163928294677,2
-0.8489503380603729,0.3051743584469566,2
-0.849494181162953,0.3066790838989206,2
-0.8483711358563149,0.307925294595659,2
-0.8489149139037782,0.30943015136834084,2
-0.8515513374034853,0.3101938422227626,2
-0.8527927940452606,0.3114513810479327,2
-0.8526390886637607,0.3132031618059852,2
-0.853608656281807,0.31370827224481523,2
-0.8541525644395023,0.31521286637607027,2
-0.853998777739104,0.31696481128502185,2
-0.8545426533692417,0.31846947107663404,2
-0.8535730044323007,0.31796452478869774,2
-0.8543887690861709,0.3202216129666535,2
-0.8546606906374592,0.32097397569263997,2
-0.8575699301963109,0.3224882236132345,2
-0.8607514816371555,0.32475404633552785,2
-0.8633892875580926,0.325514946624784,2
-0.862537513251576,0.3275148332546429,2
-0.8635075199916606,0.3280190572786523,2
-0.8629276347088748,0.3307713722948442,2
-0.8654118816223217,0.3332837578705554,2
-0.8676243045671566,0.3350435837392052,2
-0.8695648059607048,0.33605104688187026,2
-0.8731740173067362,0.3373133477998014,2
-0.8753870908027395,0.339071860461317,2
-0.8782986723457942,0.34058138083621614,2
-0.8802398893456242,0.34158739945103633,2
-0.8821812364556862,0.3425931554244279,2
-0.8840039933290402,0.3410955230078816,2
-0.8849747482029677,0.34159823684368007,2
-0.8857919278056272,0.3438524687961184,2
-0.8849747482029677,0.34159823684368007,2
-0.8867627639984494,0.34435501848103023,2
-0.8864903545337839,0.3436036406603975,2
-0.8869163555334971,0.34260346753422155,2
-0.8874612069903858,0.3441061575151281,2
-0.8875799923924461,0.3466091519429284,2
-0.8885509099041649,0.34711153747694645,2
-0.8889769759589949,0.3461112330300544,2
-0.8883972207864428,0.3488632854048248,2
-0.8889420397157757,0.3503660410460938,2
-0.8882434666136056,0.3506151646534157,2
-0.8897592681097706,0.3526201745079902,2
-0.8890606462162651,0.3528693966058487,2
-0.8905764965037672,0.3548743079698884,2
-0.8925187218579076,0.3558782911136422,2
-0.8932174250703131,0.35562890486488996,2
-0.8936436537629344,0.3546282721162157,2
-0.8954671912976888,0.3531290638511031,2
-0.8965919768287005,0.3518793403252829,2
-0.8961658619825332,0.3528797432627062,2
-0.8971023311644082,0.3576359519074046,2
-0.8997437801718888,0.3583894982366971,2
-0.9014139863920612,0.3586413156355448,2
-0.9026924773045746,0.35563981135166145,2
-0.9036639152572299,0.35614114631997396,2
-0.9011413817620451,0.35789033177704965,2
-0.9021128034509207,0.35839169957553807,2
-0.9048737046754045,0.36164689429531904,2
-0.9070895592776491,0.36339979299632574,2
-0.9093056090452443,0.3651522977351931,2
-0.907208621163953,0.3659022293110912,2
-0.9101237644746547,0.36740455987691867,2
-0.9092710468689447,0.3694063506571226,2
-0.9105155285736526,0.3706577830691078,2
-0.912578230762886,0.37416134630210607,2
-0.9140956261094146,0.37616313879919616,2
-0.9174381853686171,0.3766624400133285,2
-0.9210538696987687,0.37791167452024865,2
-0.9227254095488355,0.3781607998444585,2
-0.923151833406811,0.37715977313364846,2
-0.9247038722485339,0.37490734855791175,2
-0.9259491183508626,0.3761572379515137,2
-0.9269214345475927,0.3766568000901884,2
-0.9273477608228902,0.37565597036044274,2
-0.9290194470469721,0.37590480021304806,2
-0.9295655345510809,0.3774049951004006,2
-0.9297187845467647,0.3756541335873358,2
-0.9323630146604813,0.3764020659561247,2
-0.9337617547151869,0.37590060138398584,2
-0.9327892596168823,0.37540140037727276,2
-0.934461124742537,0.37564986909791465,2
-0.9361330549233067,0.37589820649784933,2
-0.9392038552690085,0.375644816684213,2
-0.9394771104501931,0.3763944873355687,2
-0.9399032578239179,0.3753940187377829,2
-0.9406026603788291,0.37514322079136164,2
-0.9417281452523465,0.3738920855678636,2
-0.9442523051254508,0.37213961709294807,2
-0.946897283373012,0.3728860392735278,2
-0.9477175856212785,0.3751339678317045,2
-0.9486904873140567,0.3756323480839576,2
-0.9486904873140567,0.3756323480839576,2
-0.9489639376605901,0.3763816247731704,2
-0.9492373880071252,0.3771309014623867,2
-0.9521563858334954,0.3786254512759335,2
-0.9541025470221989,0.37962148951651997,2
-0.954223511770671,0.3821200847004107,2
-0.9540708797985964,0.3838696986666932,2
-0.9548913772122098,0.38611723326272696,2
-0.9543123539097209,0.38886780827946943,2
-0.9556796869612842,0.3926140275746519,2
-0.9570470200128511,0.3963602468698326,2
-0.9588408745050643,0.3991052424731336,2
-0.9589612862850423,0.40160495388308703,2
-0.9602082888755277,0.40285129761742056,2
-0.9621554584185414,0.4038453003869389,2
-0.964682285551433,0.4020874477627636,2
-0.9639821999177975,0.40233962457668326,2
-0.9649558660082,0.40283646181054955,2
-0.9635556622133716,0.40334088109874244,2
-0.966750354787802,0.405580177036887,2
-0.9693981466691657,0.40632091959660244,2
-0.9725935223223203,0.40855883666725035,2
-0.9737203245619561,0.4073050421993081,2
-0.974420572833381,0.407052537083608,2
-0.9772215659190913,0.4060425166207935,2
-0.9787745968513466,0.4037880894041699,2
-0.9783793197760424,0.40054195753052113,2
-0.9789579039564948,0.3977922689285993,2
-0.9803581077513215,0.3972878496404064,2
-0.978836239865517,0.39529508544237935,2
-0.982336505395903,0.39403452967456865,2
-0.9838885605014056,0.39178207226865425,2
-0.9851663195438594,0.3887820453428006,2
-0.9860179962676998,0.38678235569401664,2
-0.9872952673967781,0.38378331367352025,2
-0.9878724041008766,0.3810365469574748,2
-0.9882980147698923,0.3800371617555811,2
-0.9866241654631782,0.37979269831670415,2
-0.9863499669828002,0.3790449318156952,2
-0.9851018096639965,0.377800919024029,2
-0.9865013303800971,0.37729787860332564,2
-0.9884775324144837,0.37404899071157693,2
-0.9876546930166654,0.3718061836612314,2
-0.9875314676028903,0.36931215187213695,2
-0.9886563669803561,0.36806219853506583,2
-0.9900555624208742,0.3675598147179322,2
-0.992703175400667,0.36830091840960755,2
-0.9934028056484863,0.3680496608406809,2
-0.9941024358963038,0.3677984032717614,2
-0.9953509835458103,0.36904162813914354,2
-0.994802066144123,0.36754714570283653,2
-0.997449971871939,0.36828765845130107,2
-0.9971754643797581,0.36754051572368596,2
-0.9980256773634739,0.36554378079095784,2
-0.9952272214273172,0.3665486797459394,2
-0.9953509835458103,0.36904162813914354,2
-0.9946513207704335,0.36929295136842555,2
-0.9938008150386928,0.3712902772443609,2
-0.994075224948201,0.37203761695304927,2
-0.9952002056445632,0.37078749946508793,2
-0.9945005103416289,0.37103888835472176,2
-0.9925523324443013,0.37004692105626624,2
-0.9901789992637848,0.37005341971470607,2
-0.9887797062405923,0.3705560005129076,2
-0.9885053939137585,0.3698084638231496,2
-0.986831853618849,0.36956337661088234,2
-0.9871061334181199,0.3703109789609975,2
-0.983910318642927,0.36807394830516493,2
-0.9846098838356276,0.3678228220569544,2
-0.9847330116667319,0.37031705082711674,2
-0.9820858052814234,0.36957512638097967,2
-0.9840333976826923,0.37056827556586214,2
-0.9826341697146166,0.37107072504335115,2
-0.9828133946111866,0.3650831449425578,2
-0.9839381313508611,0.3638335199072742,2
-0.9846376152246652,0.36358255780995563,2
-0.9846376152246652,0.36358255780995563,2
-0.9832386474770551,0.3640844820045892,2
-0.9818674111184826,0.3603461419522276,2
-0.982292550137899,0.3593477088255099,2
