# x,y,<bush>,<cookie>,<shadow>,<visibility>
27537,6061,0,1,0,0
27536,6061,0,1,0,0
27533,6058,0,1,0,0
27528,6055,0,1,0,0
27523,6051,0,1,0,0
27518,6047,0,1,0,0
27516,6047,0,1,0,0
27515,6049,0,1,0,0
27514,6052,0,1,0,0
27514,6054,0,1,0,0
27514,6056,0,1,0,0
27514,6057,0,1,0,0
27515,6054,0,1,0,0
27515,6052,0,1,0,0
27515,6055,0,1,0,0
27514,6056,0,1,0,0
27514,6059,0,1,0,0
27514,6060,0,1,0,0
27513,6060,0,1,0,0
27513,6059,0,1,0,0
27513,6061,0,1,0,0
27513,6060,0,1,0,0
27513,6060,0,1,0,0
27512,6060,0,1,0,0
27515,6057,0,1,0,0
27514,6051,0,1,0,0
27512,6051,0,1,0,0
27511,6051,0,1,0,0
27507,6044,0,1,0,0
27504,6038,0,1,0,0
27500,6037,0,1,0,0
27494,6035,0,1,0,0
27488,6028,0,1,0,0
27486,6020,0,1,0,0
27481,6012,0,1,0,0
27473,6007,0,1,0,0
27468,5998,0,1,0,0
27467,5991,0,1,0,0
27461,5983,0,1,0,0
27458,5974,0,1,0,0
27457,5965,0,1,0,0
27450,5959,0,1,0,0
27447,5951,0,1,0,0
27441,5946,0,1,0,0
27439,5940,0,1,0,0
27439,5931,0,1,0,0
27439,5925,0,1,0,0
27440,5921,0,1,0,0
27442,5915,0,1,0,0
27440,5909,0,1,0,0
27440,5901,0,1,0,0
27437,5895,0,1,0,0
27439,5888,0,1,0,0
27439,5885,0,1,0,0
27438,5880,0,1,0,0
27435,5872,0,1,0,0
27434,5868,0,1,0,0
27431,5864,0,1,0,0
27433,5861,0,1,0,0
27433,5855,0,1,0,0
27433,5847,0,1,0,0
27434,5843,0,1,0,0
27435,5833,0,1,0,0
27435,5825,0,1,0,0
27435,5822,0,1,0,0
27438,5812,0,1,0,0
27439,5804,0,1,0,0
27440,5793,0,1,0,0
27441,5781,0,1,0,0
27442,5771,0,1,0,0
27443,5757,0,1,0,0
27447,5744,0,1,0,0
27454,5729,0,1,0,0
27457,5715,0,1,0,0
27463,5702,0,1,0,0
27468,5694,0,1,0,0
27472,5684,0,1,0,0
27477,5676,0,1,0,0
27478,5664,0,1,0,0
27484,5659,0,1,0,0
27491,5646,0,1,0,0
27495,5638,0,1,0,0
27498,5633,0,1,0,0
27501,5627,0,1,0,0
27502,5620,0,1,0,0
27502,5614,0,1,0,0
27505,5606,0,1,0,0
27506,5596,0,1,0,0
27509,5586,0,1,0,0
27511,5581,0,1,0,0
27517,5577,0,1,0,0
27525,5568,0,1,0,0
27530,5558,0,1,0,0
27536,5553,0,1,0,0
27538,5548,0,1,0,0
27543,5543,0,1,0,0
27550,5535,0,1,0,0
27554,5531,0,1,0,0
27557,5525,0,1,0,0
27567,5517,0,1,0,0
27600,5507,0,1,0,0
27606,5501,0,1,0,0
27614,5494,0,1,0,0
27617,5488,0,1,0,0
27619,5481,0,1,0,0
27622,5475,0,1,0,0
27630,5469,0,1,0,0
27631,5461,0,1,0,0
27632,5453,0,1,0,0
27635,5450,0,1,0,0
27640,5445,0,1,0,0
27644,5436,0,1,0,0
27648,5431,0,1,0,0
27656,5426,0,1,0,0
27658,5419,0,1,0,0
27663,5411,0,1,0,0
27666,5406,0,1,0,0
27666,5398,0,1,0,0
27665,5393,0,1,0,0
27663,5388,0,1,0,0
27660,5381,0,1,0,0
27657,5373,0,1,0,0
27654,5366,0,1,0,0
27652,5359,0,1,0,0
27651,5354,0,1,0,0
27650,5348,0,1,0,0
27650,5342,0,1,0,0
27651,5335,0,1,0,0
27651,5329,0,1,0,0
27651,5323,0,1,0,0
27652,5319,0,1,0,0
27653,5320,0,1,0,0
27654,5321,0,1,0,0
27656,5321,0,1,0,0
27656,5321,0,1,0,0
27655,5323,0,1,0,0
27654,5323,0,1,0,0
27653,5324,0,1,0,0
27653,5324,0,1,0,0
27653,5325,0,1,0,0
27653,5324,0,1,0,0
27650,5326,0,1,0,0
27649,5322,0,1,0,0
27652,5322,0,1,0,0
27653,5325,0,1,0,0
27650,5324,0,1,0,0
27651,5325,0,1,0,0
27649,5323,0,1,0,0
27651,5324,0,1,0,0
27651,5324,0,1,0,0
27651,5325,0,1,0,0
27650,5324,0,1,0,0
27651,5324,0,1,0,0
27649,5322,0,1,0,0
27651,5320,0,1,0,0
27654,5321,0,1,0,0
27654,5322,0,1,0,0
27654,5320,0,1,0,0
27654,5320,0,1,0,0
27654,5319,0,1,0,0
27652,5316,0,1,0,0
27652,5315,0,1,0,0
27653,5313,0,1,0,0
27652,5307,0,1,0,0
27652,5302,0,1,0,0
27652,5296,0,1,0,0
27651,5290,0,1,0,0
27649,5282,0,1,0,0
27647,5275,0,1,0,0
27646,5268,0,1,0,0
27648,5266,0,1,0,0
27649,5266,0,1,0,0
27648,5261,0,1,0,0
27644,5255,0,1,0,0
27646,5252,0,1,0,0
27647,5251,0,1,0,0
27647,5245,0,1,0,0
27650,5243,0,1,0,0
27650,5242,0,1,0,0
27647,5242,0,1,0,0
27645,5241,0,1,0,0
27643,5235,0,1,0,0
27644,5230,0,1,0,0
27644,5227,0,1,0,0
27648,5225,0,1,0,0
27651,5224,0,1,0,0
27657,5219,0,1,0,0
27660,5218,0,1,0,0
27659,5214,0,1,0,0
27660,5213,0,1,0,0
27656,5209,0,1,0,0
27658,5206,0,1,0,0
27655,5201,0,1,0,0
27654,5197,0,1,0,0
27655,5196,0,1,0,0
27652,5193,0,1,0,0
27649,5192,0,1,0,0
27646,5189,0,1,0,0
27647,5189,0,1,0,0
27648,5184,0,1,0,0
27644,5241,0,1,0,0
27642,5237,0,1,0,0
27644,5232,0,1,0,0
27644,5232,0,1,0,0
27643,5232,0,1,0,0
27644,5231,0,1,0,0
27645,5231,0,1,0,0
27645,5232,0,1,0,0
27648,5231,0,1,0,0
27646,5233,0,1,0,0
27648,5233,0,1,0,0
27646,5233,0,1,0,0
27648,5235,0,1,0,0
27646,5233,0,1,0,0
27645,5234,0,1,0,0
27646,5233,0,1,0,0
27648,5232,0,1,0,0
27647,5232,0,1,0,0
27649,5232,0,1,0,0
27646,5232,0,1,0,0
27646,5233,0,1,0,0
27643,5234,0,1,0,0
27640,5240,0,1,0,0
27636,5243,0,1,0,0
27630,5244,0,1,0,0
27628,5244,0,1,0,0
27627,5244,0,1,0,0
27620,5248,0,1,0,0
27614,5252,0,1,0,0
27609,5252,0,1,0,0
27608,5253,0,1,0,0
27606,5253,0,1,0,0
27606,5254,0,1,0,0
27606,5255,0,1,0,0
27604,5254,0,1,0,0
27605,5253,0,1,0,0
27606,5254,0,1,0,0
27606,5253,0,1,0,0
27605,5252,0,1,0,0
27607,5251,0,1,0,0
27607,5251,0,1,0,0
27606,5252,0,1,0,0
27606,5250,0,1,0,0
27607,5250,0,1,0,0
27609,5250,0,1,0,0
27611,5249,0,1,0,0
27610,5249,0,1,0,0
27610,5248,0,1,0,0
27608,5249,0,1,0,0
27609,5250,0,1,0,0
27607,5251,0,1,0,0
27607,5251,0,1,0,0
27604,5250,0,1,0,0
27607,5251,0,1,0,0
27608,5249,0,1,0,0
27610,5250,0,1,0,0
27609,5250,0,1,0,0
27608,5250,0,1,0,0
27609,5250,0,1,0,0
27609,5252,0,1,0,0
27607,5251,0,1,0,0
27605,5251,0,1,0,0
27605,5252,0,1,0,0
27604,5251,0,1,0,0
27605,5252,0,1,0,0
27605,5251,0,1,0,0
27605,5250,0,1,0,0
27607,5250,0,1,0,0
27609,5250,0,1,0,0
27609,5250,0,1,0,0
27610,5249,0,1,0,0
27608,5250,0,1,0,0
27609,5249,0,1,0,0
27610,5248,0,1,0,0
27609,5247,0,1,0,0
27611,5248,0,1,0,0
27611,5249,0,1,0,0
27611,5249,0,1,0,0
27611,5249,0,1,0,0
27610,5249,0,1,0,0
27608,5250,0,1,0,0
27607,5250,0,1,0,0
27608,5251,0,1,0,0
27608,5253,0,1,0,0
27607,5253,0,1,0,0
27606,5254,0,1,0,0
27606,5255,0,1,0,0
27605,5254,0,1,0,0
27602,5255,0,1,0,0
27603,5256,0,1,0,0
27602,5255,0,1,0,0
27603,5255,0,1,0,0
27604,5255,0,1,0,0
27603,5255,0,1,0,0
27604,5255,0,1,0,0
27604,5254,0,1,0,0
27608,5254,0,1,0,0
27609,5252,0,1,0,0
27609,5252,0,1,0,0
27608,5250,0,1,0,0
27648,5293,0,1,0,0
27650,5293,0,1,0,0
27649,5295,0,1,0,0
27648,5295,0,1,0,0
27650,5296,0,1,0,0
27650,5294,0,1,0,0
27648,5295,0,1,0,0
27646,5296,0,1,0,0
27647,5295,0,1,0,0
27648,5295,0,1,0,0
27647,5295,0,1,0,0
27649,5294,0,1,0,0
27648,5295,0,1,0,0
27647,5294,0,1,0,0
27649,5295,0,1,0,0
27648,5294,0,1,0,0
27647,5295,0,1,0,0
27648,5293,0,1,0,0
27649,5293,0,1,0,0
27648,5293,0,1,0,0
27648,5293,0,1,0,0
27647,5294,0,1,0,0
27647,5293,0,1,0,0
27647,5292,0,1,0,0
27647,5293,0,1,0,0
27645,5293,0,1,0,0
27647,5293,0,1,0,0
27646,5293,0,1,0,0
27648,5293,0,1,0,0
27647,5294,0,1,0,0
27648,5293,0,1,0,0
27647,5293,0,1,0,0
27648,5294,0,1,0,0
27649,5295,0,1,0,0
27648,5296,0,1,0,0
27647,5295,0,1,0,0
27649,5296,0,1,0,0
27648,5298,0,1,0,0
27647,5296,0,1,0,0
27641,5298,0,1,0,0
27641,5301,0,1,0,0
27642,5304,0,1,0,0
27644,5309,0,1,0,0
27647,5310,0,1,0,0
27648,5309,0,1,0,0
27648,5310,0,1,0,0
27647,5309,0,1,0,0
27647,5309,0,1,0,0
27645,5309,0,1,0,0
27646,5309,0,1,0,0
27647,5312,0,1,0,0
27646,5309,0,1,0,0
27647,5308,0,1,0,0
27646,5309,0,1,0,0
27648,5309,0,1,0,0
27647,5311,0,1,0,0
27648,5309,0,1,0,0
27648,5309,0,1,0,0
27648,5311,0,1,0,0
27648,5310,0,1,0,0
27647,5311,0,1,0,0
27647,5308,0,1,0,0
27647,5309,0,1,0,0
27646,5307,0,1,0,0
27644,5308,0,1,0,0
27643,5308,0,1,0,0
27641,5307,0,1,0,0
27639,5306,0,1,0,0
27637,5303,0,1,0,0
27635,5302,0,1,0,0
27634,5303,0,1,0,0
27638,5305,0,1,0,0
27641,5305,0,1,0,0
27642,5305,0,1,0,0
27642,5306,0,1,0,0
27642,5308,0,1,0,0
27641,5309,0,1,0,0
27641,5309,0,1,0,0
27641,5309,0,1,0,0
27641,5309,0,1,0,0
27643,5312,0,1,0,0
27645,5312,0,1,0,0
27646,5313,0,1,0,0
27647,5313,0,1,0,0
27646,5313,0,1,0,0
27647,5312,0,1,0,0
27648,5310,0,1,0,0
27646,5311,0,1,0,0
27648,5312,0,1,0,0
27645,5312,0,1,0,0
27641,5310,0,1,0,0
27640,5308,0,1,0,0
27635,5310,0,1,0,0
27632,5314,0,1,0,0
27631,5315,0,1,0,0
27630,5317,0,1,0,0
27628,5318,0,1,0,0
27626,5320,0,1,0,0
27622,5324,0,1,0,0
27619,5326,0,1,0,0
27626,5317,0,1,0,0
27626,5319,0,1,0,0
27626,5318,0,1,0,0
27629,5319,0,1,0,0
27629,5320,0,1,0,0
27626,5317,0,1,0,0
27625,5317,0,1,0,0
27624,5316,0,1,0,0
27625,5317,0,1,0,0
27625,5317,0,1,0,0
27624,5317,0,1,0,0
27624,5316,0,1,0,0
27623,5318,0,1,0,0
27623,5316,0,1,0,0
27625,5318,0,1,0,0
27624,5317,0,1,0,0
27622,5317,0,1,0,0
27624,5317,0,1,0,0
27624,5317,0,1,0,0
27624,5318,0,1,0,0
27625,5318,0,1,0,0
27624,5317,0,1,0,0
27623,5319,0,1,0,0
27624,5318,0,1,0,0
27625,5318,0,1,0,0
27624,5319,0,1,0,0
27625,5319,0,1,0,0
27626,5318,0,1,0,0
27626,5318,0,1,0,0
27624,5318,0,1,0,0
27623,5319,0,1,0,0
27622,5321,0,1,0,0
27619,5322,0,1,0,0
27615,5322,0,1,0,0
27612,5323,0,1,0,0
27610,5324,0,1,0,0
27607,5325,0,1,0,0
27605,5329,0,1,0,0
27605,5329,0,1,0,0
27604,5329,0,1,0,0
27605,5330,0,1,0,0
27601,5328,0,1,0,0
27596,5328,0,1,0,0
27593,5328,0,1,0,0
27588,5330,0,1,0,0
27583,5333,0,1,0,0
27581,5334,0,1,0,0
27580,5337,0,1,0,0
27579,5341,0,1,0,0
27581,5339,0,1,0,0
27580,5338,0,1,0,0
27578,5339,0,1,0,0
27578,5339,0,1,0,0
27578,5340,0,1,0,0
27579,5341,0,1,0,0
27580,5343,0,1,0,0
27577,5346,0,1,0,0
27574,5347,0,1,0,0
27571,5351,0,1,0,0
27567,5354,0,1,0,0
27565,5355,0,1,0,0
27566,5355,0,1,0,0
27567,5355,0,1,0,0
27569,5356,0,1,0,0
27570,5356,0,1,0,0
27573,5357,0,1,0,0
27576,5355,0,1,0,0
27576,5354,0,1,0,0
27578,5354,0,1,0,0
27578,5352,0,1,0,0
27577,5355,0,1,0,0
27577,5356,0,1,0,0
27577,5354,0,1,0,0
27579,5355,0,1,0,0
27577,5355,0,1,0,0
27580,5354,0,1,0,0
27579,5353,0,1,0,0
27581,5353,0,1,0,0
27580,5351,0,1,0,0
27581,5353,0,1,0,0
27581,5353,0,1,0,0
27579,5355,0,1,0,0
27574,5357,0,1,0,0
27575,5355,0,1,0,0
27574,5357,0,1,0,0
27571,5356,0,1,0,0
27573,5357,0,1,0,0
27573,5357,0,1,0,0
27572,5355,0,1,0,0
27572,5354,0,1,0,0
27577,5354,0,1,0,0
27577,5356,0,1,0,0
27577,5356,0,1,0,0
27573,5358,0,1,0,0
27572,5358,0,1,0,0
27571,5357,0,1,0,0
27571,5357,0,1,0,0
27572,5356,0,1,0,0
27571,5356,0,1,0,0
27570,5358,0,1,0,0
27575,5348,0,1,0,0
27575,5348,0,1,0,0
27576,5347,0,1,0,0
27575,5348,0,1,0,0
27576,5347,0,1,0,0
27575,5348,0,1,0,0
27577,5353,0,1,0,0
27576,5352,0,1,0,0
27576,5352,0,1,0,0
27579,5352,0,1,0,0
27577,5353,0,1,0,0
27577,5353,0,1,0,0
27577,5351,0,1,0,0
27578,5351,0,1,0,0
27579,5353,0,1,0,0
27578,5353,0,1,0,0
27576,5352,0,1,0,0
27576,5353,0,1,0,0
27579,5352,0,1,0,0
27578,5352,0,1,0,0
27577,5352,0,1,0,0
27579,5353,0,1,0,0
27577,5352,0,1,0,0
27580,5351,0,1,0,0
27578,5352,0,1,0,0
27579,5352,0,1,0,0
27578,5351,0,1,0,0
27578,5353,0,1,0,0
27577,5354,0,1,0,0
27577,5353,0,1,0,0
27577,5353,0,1,0,0
27577,5351,0,1,0,0
27576,5353,0,1,0,0
27577,5352,0,1,0,0
27577,5352,0,1,0,0
27577,5351,0,1,0,0
27578,5352,0,1,0,0
27579,5351,0,1,0,0
27580,5353,0,1,0,0
27579,5353,0,1,0,0
27578,5353,0,1,0,0
27578,5353,0,1,0,0
27579,5352,0,1,0,0
27580,5352,0,1,0,0
27578,5353,0,1,0,0
27580,5353,0,1,0,0
27577,5353,0,1,0,0
27574,5355,0,1,0,0
27573,5357,0,1,0,0
27571,5353,0,1,0,0
27572,5354,0,1,0,0
27573,5356,0,1,0,0
27576,5355,0,1,0,0
27579,5353,0,1,0,0
27581,5350,0,1,0,0
27580,5350,0,1,0,0
27581,5350,0,1,0,0
27579,5351,0,1,0,0
27578,5353,0,1,0,0
27577,5353,0,1,0,0
27575,5356,0,1,0,0
27574,5360,0,1,0,0
27574,5356,0,1,0,0
27574,5359,0,1,0,0
27573,5356,0,1,0,0
27574,5356,0,1,0,0
27575,5356,0,1,0,0
27576,5357,0,1,0,0
27576,5359,0,1,0,0
27576,5362,0,1,0,0
27578,5363,0,1,0,0
27576,5364,0,1,0,0
27577,5363,0,1,0,0
27576,5365,0,1,0,0
27579,5361,0,1,0,0
27580,5358,0,1,0,0
27578,5353,0,1,0,0
27580,5352,0,1,0,0
27581,5351,0,1,0,0
27578,5352,0,1,0,0
27580,5352,0,1,0,0
27578,5353,0,1,0,0
27579,5352,0,1,0,0
27580,5352,0,1,0,0
27579,5351,0,1,0,0
27579,5353,0,1,0,0
27579,5353,0,1,0,0
27580,5353,0,1,0,0
27579,5353,0,1,0,0
27579,5358,0,1,0,0
27578,5363,0,1,0,0
27576,5364,0,1,0,0
27572,5365,0,1,0,0
27571,5364,0,1,0,0
27569,5362,0,1,0,0
27568,5365,0,1,0,0
27566,5366,0,1,0,0
27566,5366,0,1,0,0
27566,5366,0,1,0,0
27566,5365,0,1,0,0
27561,5372,0,1,0,0
27561,5372,0,1,0,0
27558,5371,0,1,0,0
27559,5373,0,1,0,0
27559,5373,0,1,0,0
27558,5373,0,1,0,0
27556,5376,0,1,0,0
27553,5377,0,1,0,0
27550,5380,0,1,0,0
27547,5384,0,1,0,0
27543,5389,0,1,0,0
27540,5393,0,1,0,0
27536,5397,0,1,0,0
27530,5401,0,1,0,0
27525,5404,0,1,0,0
27520,5406,0,1,0,0
27515,5409,0,1,0,0
27511,5412,0,1,0,0
27508,5416,0,1,0,0
27505,5421,0,1,0,0
27502,5426,0,1,0,0
27502,5433,0,1,0,0
27501,5431,0,1,0,0
27497,5437,0,1,0,0
27495,5440,0,1,0,0
27494,5443,0,1,0,0
27491,5446,0,1,0,0
27488,5450,0,1,0,0
27486,5455,0,1,0,0
27482,5460,0,1,0,0
27477,5466,0,1,0,0
27475,5467,0,1,0,0
27474,5465,0,1,0,0
27474,5465,0,1,0,0
27474,5465,0,1,0,0
27473,5465,0,1,0,0
27474,5466,0,1,0,0
27472,5470,0,1,0,0
27471,5477,0,1,0,0
27472,5482,0,1,0,0
27472,5483,0,1,0,0
27472,5485,0,1,0,0
27471,5489,0,1,0,0
27469,5493,0,1,0,0
27471,5498,0,1,0,0
27471,5505,0,1,0,0
27472,5510,0,1,0,0
27472,5515,0,1,0,0
27472,5521,0,1,0,0
27473,5528,0,1,0,0
27472,5534,0,1,0,0
27472,5537,0,1,0,0
27472,5541,0,1,0,0
27473,5545,0,1,0,0
27473,5549,0,1,0,0
27471,5551,0,1,0,0
27469,5553,0,1,0,0
27468,5555,0,1,0,0
27465,5556,0,1,0,0
27464,5558,0,1,0,0
27467,5561,0,1,0,0
27470,5566,0,1,0,0
27469,5567,0,1,0,0
27471,5571,0,1,0,0
27470,5576,0,1,0,0
27469,5580,0,1,0,0
27470,5585,0,1,0,0
27467,5588,0,1,0,0
27465,5594,0,1,0,0
27460,5601,0,1,0,0
27455,5606,0,1,0,0
27451,5613,0,1,0,0
27445,5619,0,1,0,0
27442,5627,0,1,0,0
27437,5633,0,1,0,0
27433,5637,0,1,0,0
27429,5641,0,1,0,0
27430,5642,0,1,0,0
27428,5641,0,1,0,0
27425,5645,0,1,0,0
27420,5648,0,1,0,0
27419,5648,0,1,0,0
27417,5648,0,1,0,0
27416,5651,0,1,0,0
27418,5655,0,1,0,0
27412,5657,0,1,0,0
27409,5661,0,1,0,0
27409,5665,0,1,0,0
27407,5670,0,1,0,0
27404,5676,0,1,0,0
27399,5681,0,1,0,0
27397,5688,0,1,0,0
27394,5691,0,1,0,0
27392,5695,0,1,0,0
27389,5704,0,1,0,0
27385,5708,0,1,0,0
27379,5715,0,1,0,0
27375,5721,0,1,0,0
27372,5724,0,1,0,0
27370,5729,0,1,0,0
27367,5748,0,1,0,0
27362,5750,0,1,0,0
27362,5754,0,1,0,0
27360,5756,0,1,0,0
27361,5760,0,1,0,0
27361,5764,0,1,0,0
27364,5768,0,1,0,0
27366,5773,0,1,0,0
27367,5782,0,1,0,0
27369,5788,0,1,0,0
27371,5796,0,1,0,0
27373,5804,0,1,0,0
27373,5810,0,1,0,0
27371,5815,0,1,0,0
27369,5821,0,1,0,0
27367,5825,0,1,0,0
27365,5831,0,1,0,0
27363,5836,0,1,0,0
27360,5844,0,1,0,0
27360,5852,0,1,0,0
27360,5859,0,1,0,0
27361,5865,0,1,0,0
27361,5873,0,1,0,0
27361,5880,0,1,0,0
27362,5888,0,1,0,0
27361,5896,0,1,0,0
27361,5903,0,1,0,0
27362,5912,0,1,0,0
27363,5921,0,1,0,0
27365,5929,0,1,0,0
27366,5937,0,1,0,0
27367,5945,0,1,0,0
27368,5953,0,1,0,0
27367,5960,0,1,0,0
27367,5966,0,1,0,0
27367,5973,0,1,0,0
27369,5976,0,1,0,0
27369,5978,0,1,0,0
27364,5983,0,1,0,0
27365,5988,0,1,0,0
27371,5992,0,1,0,0
27369,5993,0,1,0,0
27369,5995,0,1,0,0
27370,5996,0,1,0,0
27369,5997,0,1,0,0
27368,5998,0,1,0,0
27367,5998,0,1,0,0
27367,6002,0,1,0,0
27365,6009,0,1,0,0
27363,6015,0,1,0,0
27362,6020,0,1,0,0
27362,6025,0,1,0,0
27362,6029,0,1,0,0
27363,6031,0,1,0,0
27363,6034,0,1,0,0
27360,6039,0,1,0,0
27360,6045,0,1,0,0
27362,6048,0,1,0,0
27364,6050,0,1,0,0
27366,6055,0,1,0,0
27371,6058,0,1,0,0
27374,6061,0,1,0,0
27377,6064,0,1,0,0
27380,6067,0,1,0,0
27380,6069,0,1,0,0
27379,6072,0,1,0,0
27381,6076,0,1,0,0
27384,6079,0,1,0,0
27386,6083,0,1,0,0
27388,6085,0,1,0,0
27387,6088,0,1,0,0
27391,6091,0,1,0,0
27393,6094,0,1,0,0
27397,6097,0,1,0,0
27401,6099,0,1,0,0
27404,6100,0,1,0,0
27408,6103,0,1,0,0
27411,6109,0,1,0,0
27417,6113,0,1,0,0
27422,6117,0,1,0,0
27427,6122,0,1,0,0
27433,6125,0,1,0,0
27437,6129,0,1,0,0
27442,6133,0,1,0,0
27445,6139,0,1,0,0
27445,6144,0,1,0,0
27446,6150,0,1,0,0
27447,6158,0,1,0,0
27448,6166,0,1,0,0
27448,6174,0,1,0,0
27448,6181,0,1,0,0
27447,6188,0,1,0,0
27447,6196,0,1,0,0
27446,6201,0,1,0,0
27446,6209,0,1,0,0
27447,6216,0,1,0,0
27447,6223,0,1,0,0
27448,6222,0,1,0,0
27449,6230,0,1,0,0
27456,6230,0,1,0,0
27449,6269,0,1,0,0
27452,6273,0,1,0,0
27454,6278,0,1,0,0
27457,6282,0,1,0,0
27459,6288,0,1,0,0
27462,6293,0,1,0,0
27467,6299,0,1,0,0
27472,6303,0,1,0,0
27478,6310,0,1,0,0
27482,6316,0,1,0,0
27485,6324,0,1,0,0
27489,6332,0,1,0,0
27493,6341,0,1,0,0
27494,6349,0,1,0,0
27496,6357,0,1,0,0
27499,6365,0,1,0,0
27501,6374,0,1,0,0
27502,6381,0,1,0,0
27505,6388,0,1,0,0
27504,6396,0,1,0,0
27502,6404,0,1,0,0
27501,6412,0,1,0,0
27500,6420,0,1,0,0
27499,6428,0,1,0,0
27498,6436,0,1,0,0
27497,6443,0,1,0,0
27497,6451,0,1,0,0
27497,6460,0,1,0,0
27496,6466,0,1,0,0
27495,6472,0,1,0,0
27495,6477,0,1,0,0
27494,6481,0,1,0,0
27492,6486,0,1,0,0
27490,6491,0,1,0,0
27487,6498,0,1,0,0
27487,6503,0,1,0,0
27490,6507,0,1,0,0
27490,6510,0,1,0,0
27494,6514,0,1,0,0
27497,6519,0,1,0,0
27501,6522,0,1,0,0
27505,6525,0,1,0,0
27507,6528,0,1,0,0
27511,6530,0,1,0,0
27513,6532,0,1,0,0
27518,6533,0,1,0,0
27522,6536,0,1,0,0
27521,6542,0,1,0,0
27520,6548,0,1,0,0
27523,6549,0,1,0,0
27524,6550,0,1,0,0
27524,6550,0,1,0,0
27523,6551,0,1,0,0
27521,6553,0,1,0,0
27525,6558,0,1,0,0
27527,6559,0,1,0,0
27525,6559,0,1,0,0
27524,6561,0,1,0,0
27522,6566,0,1,0,0
27526,6569,0,1,0,0
27531,6574,0,1,0,0
27536,6581,0,1,0,0
27541,6584,0,1,0,0
27542,6588,0,1,0,0
27549,6590,0,1,0,0
27552,6592,0,1,0,0
27557,6598,0,1,0,0
27562,6599,0,1,0,0
27569,6602,0,1,0,0
27576,6609,0,1,0,0
27581,6613,0,1,0,0
27584,6621,0,1,0,0
27591,6627,0,1,0,0
27596,6631,0,1,0,0
27603,6635,0,1,0,0
27603,6638,0,1,0,0
27604,6646,0,1,0,0
27604,6655,0,1,0,0
27604,6658,0,1,0,0
27603,6665,0,1,0,0
27603,6671,0,1,0,0
27601,6676,0,1,0,0
27601,6681,0,1,0,0
27600,6687,0,1,0,0
27597,6695,0,1,0,0
27594,6701,0,1,0,0
27591,6707,0,1,0,0
27587,6714,0,1,0,0
27584,6722,0,1,0,0
27582,6727,0,1,0,0
27578,6732,0,1,0,0
27577,6734,0,1,0,0
27574,6739,0,1,0,0
27572,6746,0,1,0,0
27571,6753,0,1,0,0
27568,6761,0,1,0,0
27567,6769,0,1,0,0
27565,6777,0,1,0,0
27566,6785,0,1,0,0
27565,6793,0,1,0,0
27569,6811,0,1,0,0
27565,6815,0,1,0,0
27564,6817,0,1,0,0
27564,6820,0,1,0,0
27564,6827,0,1,0,0
27561,6832,0,1,0,0
27559,6838,0,1,0,0
27558,6846,0,1,0,0
27556,6853,0,1,0,0
27553,6859,0,1,0,0
27548,6866,0,1,0,0
27546,6871,0,1,0,0
27542,6878,0,1,0,0
27540,6884,0,1,0,0
27536,6891,0,1,0,0
27533,6898,0,1,0,0
27530,6905,0,1,0,0
27527,6913,0,1,0,0
27523,6919,0,1,0,0
27521,6927,0,1,0,0
27521,6934,0,1,0,0
27518,6940,0,1,0,0
27514,6948,0,1,0,0
27511,6955,0,1,0,0
27507,6962,0,1,0,0
27503,6968,0,1,0,0
27499,6975,0,1,0,0
27495,6984,0,1,0,0
27493,6995,0,1,0,0
27490,7003,0,1,0,0
27487,7011,0,1,0,0
27486,7019,0,1,0,0
27486,7029,0,1,0,0
27485,7037,0,1,0,0
27484,7044,0,1,0,0
27483,7051,0,1,0,0
27483,7059,0,1,0,0
27482,7067,0,1,0,0
27480,7074,0,1,0,0
27479,7083,0,1,0,0
27476,7091,0,1,0,0
27473,7098,0,1,0,0
27471,7105,0,1,0,0
27469,7112,0,1,0,0
27467,7119,0,1,0,0
27467,7126,0,1,0,0
27465,7135,0,1,0,0
27465,7143,0,1,0,0
27464,7150,0,1,0,0
27465,7158,0,1,0,0
27463,7165,0,1,0,0
27461,7172,0,1,0,0
27458,7179,0,1,0,0
27455,7186,0,1,0,0
27452,7192,0,1,0,0
27449,7199,0,1,0,0
27445,7205,0,1,0,0
27443,7213,0,1,0,0
27440,7221,0,1,0,0
27437,7229,0,1,0,0
27434,7237,0,1,0,0
27432,7245,0,1,0,0
27431,7251,0,1,0,0
27430,7258,0,1,0,0
27427,7265,0,1,0,0
27425,7274,0,1,0,0
27421,7281,0,1,0,0
27419,7288,0,1,0,0
27414,7293,0,1,0,0
27410,7299,0,1,0,0
27404,7303,0,1,0,0
27400,7308,0,1,0,0
27397,7312,0,1,0,0
27392,7315,0,1,0,0
27388,7318,0,1,0,0
27389,7323,0,1,0,0
27382,7331,0,1,0,0
27381,7342,0,1,0,0
27375,7349,0,1,0,0
27372,7355,0,1,0,0
27368,7363,0,1,0,0
27368,7373,0,1,0,0
27364,7380,0,1,0,0
27357,7385,0,1,0,0
27351,7390,0,1,0,0
27350,7396,0,1,0,0
27347,7401,0,1,0,0
27344,7409,0,1,0,0
27340,7410,0,1,0,0
27340,7417,0,1,0,0
27340,7420,0,1,0,0
27340,7427,0,1,0,0
27338,7430,0,1,0,0
27337,7434,0,1,0,0
27336,7433,0,1,0,0
27337,7434,0,1,0,0
27333,7435,0,1,0,0
27332,7437,0,1,0,0
27335,7438,0,1,0,0
27328,7440,0,1,0,0
27330,7380,0,1,0,0
27328,7382,0,1,0,0
27327,7385,0,1,0,0
27328,7385,0,1,0,0
27330,7384,0,1,0,0
27332,7389,0,1,0,0
27332,7389,0,1,0,0
27330,7390,0,1,0,0
27332,7391,0,1,0,0
27333,7392,0,1,0,0
27335,7395,0,1,0,0
27336,7397,0,1,0,0
27337,7402,0,1,0,0
27338,7406,0,1,0,0
27339,7410,0,1,0,0
27339,7418,0,1,0,0
27339,7424,0,1,0,0
27339,7433,0,1,0,0
27339,7441,0,1,0,0
27337,7449,0,1,0,0
27333,7457,0,1,0,0
27331,7464,0,1,0,0
27327,7471,0,1,0,0
27327,7478,0,1,0,0
27323,7484,0,1,0,0
27322,7490,0,1,0,0
27319,7496,0,1,0,0
27318,7503,0,1,0,0
27316,7506,0,1,0,0
27314,7512,0,1,0,0
27314,7519,0,1,0,0
27311,7525,0,1,0,0
27309,7530,0,1,0,0
27313,7534,0,1,0,0
27313,7538,0,1,0,0
27314,7541,0,1,0,0
27314,7546,0,1,0,0
27315,7546,0,1,0,0
27316,7546,0,1,0,0
27315,7548,0,1,0,0
27316,7548,0,1,0,0
27317,7550,0,1,0,0
27321,7552,0,1,0,0
27325,7553,0,1,0,0
27328,7555,0,1,0,0
27332,7556,0,1,0,0
27335,7558,0,1,0,0
27337,7561,0,1,0,0
27340,7563,0,1,0,0
27343,7563,0,1,0,0
27344,7567,0,1,0,0
27347,7568,0,1,0,0
27347,7568,0,1,0,0
27344,7574,0,1,0,0
27342,7578,0,1,0,0
27343,7587,0,1,0,0
27339,7590,0,1,0,0
27338,7591,0,1,0,0
27341,7590,0,1,0,0
27341,7589,0,1,0,0
27344,7589,0,1,0,0
27345,7591,0,1,0,0
27349,7594,0,1,0,0
27351,7596,0,1,0,0
27356,7603,0,1,0,0
27362,7601,0,1,0,0
27371,7601,0,1,0,0
27375,7607,0,1,0,0
27374,7613,0,1,0,0
27374,7617,0,1,0,0
27375,7624,0,1,0,0
27379,7630,0,1,0,0
27385,7631,0,1,0,0
27393,7635,0,1,0,0
27398,7635,0,1,0,0
27405,7637,0,1,0,0
27412,7643,0,1,0,0
27418,7649,0,1,0,0
27423,7654,0,1,0,0
27424,7655,0,1,0,0
27424,7654,0,1,0,0
27424,7655,0,1,0,0
27424,7655,0,1,0,0
27424,7660,0,1,0,0
27423,7666,0,1,0,0
27426,7666,0,1,0,0
27428,7668,0,1,0,0
27427,7673,0,1,0,0
27430,7681,0,1,0,0
27431,7692,0,1,0,0
27432,7703,0,1,0,0
27433,7714,0,1,0,0
27436,7726,0,1,0,0
27440,7736,0,1,0,0
27439,7743,0,1,0,0
27443,7746,0,1,0,0
27448,7749,0,1,0,0
27453,7753,0,1,0,0
27458,7758,0,1,0,0
27460,7763,0,1,0,0
27456,7758,0,1,0,0
27458,7765,0,1,0,0
27460,7768,0,1,0,0
27460,7770,0,1,0,0
27466,7779,0,1,0,0
27467,7781,0,1,0,0
27469,7784,0,1,0,0
27475,7789,0,1,0,0
27478,7790,0,1,0,0
27481,7790,0,1,0,0
27485,7791,0,1,0,0
27488,7796,0,1,0,0
27495,7801,0,1,0,0
27500,7804,0,1,0,0
27505,7808,0,1,0,0
27507,7810,0,1,0,0
27511,7813,0,1,0,0
27512,7819,0,1,0,0
27517,7825,0,1,0,0
27521,7832,0,1,0,0
27524,7838,0,1,0,0
27527,7842,0,1,0,0
27530,7848,0,1,0,0
27539,7849,0,1,0,0
27546,7846,0,1,0,0
27545,7844,0,1,0,0
27549,7844,0,1,0,0
27550,7846,0,1,0,0
27549,7848,0,1,0,0
27548,7848,0,1,0,0
27549,7848,0,1,0,0
27551,7852,0,1,0,0
27554,7858,0,1,0,0
27557,7865,0,1,0,0
27558,7865,0,1,0,0
27557,7864,0,1,0,0
27557,7864,0,1,0,0
27557,7865,0,1,0,0
27556,7865,0,1,0,0
27560,7872,0,1,0,0
27558,7877,0,1,0,0
27554,7884,0,1,0,0
27550,7888,0,1,0,0
27546,7892,0,1,0,0
27542,7896,0,1,0,0
27538,7904,0,1,0,0
27534,7912,0,1,0,0
27532,7922,0,1,0,0
27526,7931,0,1,0,0
27527,7939,0,1,0,0
27522,7943,0,1,0,0
27519,7950,0,1,0,0
27516,7954,0,1,0,0
27508,7965,0,1,0,0
27499,7969,0,1,0,0
27491,7976,0,1,0,0
27490,7983,0,1,0,0
27487,7992,0,1,0,0
27482,8002,0,1,0,0
27474,8012,0,1,0,0
27470,8017,0,1,0,0
27465,8021,0,1,0,0
27465,8030,0,1,0,0
27462,8034,0,1,0,0
27463,8042,0,1,0,0
27460,8047,0,1,0,0
27458,8049,0,1,0,0
27457,8058,0,1,0,0
27461,8065,0,1,0,0
27465,8072,0,1,0,0
27467,8080,0,1,0,0
27467,8090,0,1,0,0
27469,8100,0,1,0,0
27472,8104,0,1,0,0
27475,8108,0,1,0,0
27479,8112,0,1,0,0
27482,8117,0,1,0,0
27484,8123,0,1,0,0
27486,8129,0,1,0,0
27488,8135,0,1,0,0
27488,8141,0,1,0,0
27488,8148,0,1,0,0
27487,8156,0,1,0,0
27484,8161,0,1,0,0
27481,8170,0,1,0,0
27482,8174,0,1,0,0
27481,8174,0,1,0,0
27480,8178,0,1,0,0
27481,8180,0,1,0,0
27479,8181,0,1,0,0
27483,8183,0,1,0,0
27483,8187,0,1,0,0
27483,8188,0,1,0,0
27482,8192,0,1,0,0
27481,8193,0,1,0,0
27482,8197,0,1,0,0
27483,8200,0,1,0,0
27483,8204,0,1,0,0
27486,8208,0,1,0,0
27488,8215,0,1,0,0
27490,8222,0,1,0,0
27490,8228,0,1,0,0
27491,8233,0,1,0,0
27492,8238,0,1,0,0
27495,8243,0,1,0,0
27500,8249,0,1,0,0
27505,8252,0,1,0,0
27511,8255,0,1,0,0
27516,8258,0,1,0,0
27521,8258,0,1,0,0
27527,8260,0,1,0,0
27532,8264,0,1,0,0
27538,8268,0,1,0,0
27544,8270,0,1,0,0
27549,8274,0,1,0,0
27555,8278,0,1,0,0
27560,8284,0,1,0,0
27565,8289,0,1,0,0
27570,8295,0,1,0,0
27574,8301,0,1,0,0
27577,8306,0,1,0,0
27579,8311,0,1,0,0
27580,8316,0,1,0,0
27579,8322,0,1,0,0
27580,8327,0,1,0,0
27579,8326,0,1,0,0
27579,8326,0,1,0,0
27579,8327,0,1,0,0
27581,8326,0,1,0,0
27580,8326,0,1,0,0
27580,8327,0,1,0,0
27580,8326,0,1,0,0
27580,8327,0,1,0,0
27580,8327,0,1,0,0
27579,8325,0,1,0,0
27579,8323,0,1,0,0
27581,8322,0,1,0,0
27584,8321,0,1,0,0
27588,8319,0,1,0,0
27594,8319,0,1,0,0
27596,8318,0,1,0,0
27598,8318,0,1,0,0
27599,8321,0,1,0,0
27604,8324,0,1,0,0
27604,8328,0,1,0,0
27607,8333,0,1,0,0
27612,8339,0,1,0,0
27616,8345,0,1,0,0
27621,8345,0,1,0,0
27620,8346,0,1,0,0
27627,8352,0,1,0,0
27628,8355,0,1,0,0
27636,8357,0,1,0,0
27645,8360,0,1,0,0
27654,8358,0,1,0,0
27661,8359,0,1,0,0
27662,8357,0,1,0,0
27666,8349,0,1,0,0
27672,8342,0,1,0,0
27677,8333,0,1,0,0
27682,8326,0,1,0,0
27686,8325,0,1,0,0
27690,8322,0,1,0,0
27696,8316,0,1,0,0
27701,8310,0,1,0,0
27706,8303,0,1,0,0
27710,8295,0,1,0,0
27713,8283,0,1,0,0
27713,8275,0,1,0,0
27714,8263,0,1,0,0
27713,8252,0,1,0,0
27713,8245,0,1,0,0
27710,8242,0,1,0,0
27708,8236,0,1,0,0
27703,8234,0,1,0,0
27698,8230,0,1,0,0
27695,8228,0,1,0,0
27692,8226,0,1,0,0
27689,8223,0,1,0,0
27682,8221,0,1,0,0
27675,8215,0,1,0,0
27672,8211,0,1,0,0
27666,8204,0,1,0,0
27656,8200,0,1,0,0
27651,8200,0,1,0,0
27648,8200,0,1,0,0
27639,8197,0,1,0,0
27633,8194,0,1,0,0
27625,8194,0,1,0,0
27616,8194,0,1,0,0
27606,8195,0,1,0,0
27594,8196,0,1,0,0
27591,8197,0,1,0,0
27585,8197,0,1,0,0
27574,8199,0,1,0,0
27561,8201,0,1,0,0
27554,8205,0,1,0,0
27548,8212,0,1,0,0
27539,8216,0,1,0,0
27530,8219,0,1,0,0
27477,8212,0,1,0,0
27468,8216,0,1,0,0
27457,8220,0,1,0,0
27447,8230,0,1,0,0
27438,8240,0,1,0,0
27428,8248,0,1,0,0
27420,8256,0,1,0,0
27414,8263,0,1,0,0
27406,8271,0,1,0,0
27396,8277,0,1,0,0
27392,8284,0,1,0,0
27383,8294,0,1,0,0
27372,8302,0,1,0,0
27363,8312,0,1,0,0
27350,8316,0,1,0,0
27339,8323,0,1,0,0
27335,8332,0,1,0,0
27326,8339,0,1,0,0
27319,8346,0,1,0,0
27309,8352,0,1,0,0
27298,8357,0,1,0,0
27287,8363,0,1,0,0
27278,8365,0,1,0,0
27266,8372,0,1,0,0
27255,8378,0,1,0,0
27246,8381,0,1,0,0
27233,8383,0,1,0,0
27221,8388,0,1,0,0
27215,8390,0,1,0,0
27203,8391,0,1,0,0
27192,8393,0,1,0,0
27182,8400,0,1,0,0
27174,8406,0,1,0,0
27168,8411,0,1,0,0
27157,8416,0,1,0,0
27148,8421,0,1,0,0
27145,8419,0,1,0,0
27141,8416,0,1,0,0
27133,8419,0,1,0,0
27129,8417,0,1,0,0
27122,8418,0,1,0,0
27120,8416,0,1,0,0
27117,8419,0,1,0,0
27116,8418,0,1,0,0
27114,8419,0,1,0,0
27112,8421,0,1,0,0
27110,8424,0,1,0,0
27108,8420,0,1,0,0
27107,8421,0,1,0,0
27109,8424,0,1,0,0
27112,8425,0,1,0,0
27114,8427,0,1,0,0
27113,8426,0,1,0,0
27112,8430,0,1,0,0
27110,8431,0,1,0,0
27109,8435,0,1,0,0
27109,8440,0,1,0,0
27107,8446,0,1,0,0
27104,8450,0,1,0,0
27101,8454,0,1,0,0
27100,8460,0,1,0,0
27097,8462,0,1,0,0
27097,8466,0,1,0,0
27096,8471,0,1,0,0
27096,8477,0,1,0,0
27094,8483,0,1,0,0
27093,8488,0,1,0,0
27090,8494,0,1,0,0
27090,8500,0,1,0,0
27088,8506,0,1,0,0
27087,8512,0,1,0,0
27086,8519,0,1,0,0
27085,8525,0,1,0,0
27083,8530,0,1,0,0
27084,8536,0,1,0,0
27086,8540,0,1,0,0
27088,8544,0,1,0,0
27090,8545,0,1,0,0
27094,8547,0,1,0,0
27098,8547,0,1,0,0
27102,8547,0,1,0,0
27102,8547,0,1,0,0
27103,8548,0,1,0,0
27108,8549,0,1,0,0
27107,8550,0,1,0,0
27109,8552,0,1,0,0
27114,8554,0,1,0,0
27118,8557,0,1,0,0
27118,8558,0,1,0,0
27120,8561,0,1,0,0
27121,8563,0,1,0,0
27120,8563,0,1,0,0
27120,8563,0,1,0,0
27119,8566,0,1,0,0
27118,8569,0,1,0,0
27116,8568,0,1,0,0
27114,8569,0,1,0,0
27112,8574,0,1,0,0
27108,8580,0,1,0,0
27106,8583,0,1,0,0
27105,8596,0,1,0,0
27106,8600,0,1,0,0
27106,8607,0,1,0,0
27106,8613,0,1,0,0
27105,8619,0,1,0,0
27104,8625,0,1,0,0
27102,8628,0,1,0,0
27103,8636,0,1,0,0
27103,8641,0,1,0,0
27103,8645,0,1,0,0
27105,8651,0,1,0,0
27107,8659,0,1,0,0
27108,8664,0,1,0,0
27108,8668,0,1,0,0
27108,8674,0,1,0,0
27106,8678,0,1,0,0
27104,8684,0,1,0,0
27102,8689,0,1,0,0
27100,8695,0,1,0,0
27097,8701,0,1,0,0
27092,8705,0,1,0,0
27088,8712,0,1,0,0
27086,8719,0,1,0,0
27084,8724,0,1,0,0
27082,8731,0,1,0,0
27080,8736,0,1,0,0
27078,8743,0,1,0,0
27076,8750,0,1,0,0
27074,8758,0,1,0,0
27073,8762,0,1,0,0
27073,8767,0,1,0,0
27075,8771,0,1,0,0
27078,8773,0,1,0,0
27081,8776,0,1,0,0
27085,8778,0,1,0,0
27088,8781,0,1,0,0
27091,8785,0,1,0,0
27094,8787,0,1,0,0
27097,8790,0,1,0,0
27102,8792,0,1,0,0
27105,8795,0,1,0,0
27110,8797,0,1,0,0
27113,8798,0,1,0,0
27116,8804,0,1,0,0
27118,8807,0,1,0,0
27120,8809,0,1,0,0
27125,8810,0,1,0,0
27127,8814,0,1,0,0
27129,8820,0,1,0,0
27131,8824,0,1,0,0
27133,8829,0,1,0,0
27136,8834,0,1,0,0
27139,8835,0,1,0,0
27143,8838,0,1,0,0
27147,8841,0,1,0,0
27154,8844,0,1,0,0
27160,8848,0,1,0,0
27165,8854,0,1,0,0
27168,8859,0,1,0,0
27171,8863,0,1,0,0
27173,8869,0,1,0,0
27180,8876,0,1,0,0
27185,8881,0,1,0,0
27191,8886,0,1,0,0
27195,8891,0,1,0,0
27202,8896,0,1,0,0
27210,8898,0,1,0,0
27216,8903,0,1,0,0
27223,8907,0,1,0,0
27228,8912,0,1,0,0
27236,8917,0,1,0,0
27244,8920,0,1,0,0
27250,8923,0,1,0,0
27258,8924,0,1,0,0
27259,8923,0,1,0,0
27261,8923,0,1,0,0
27268,8924,0,1,0,0
27275,8924,0,1,0,0
27280,8924,0,1,0,0
27283,8925,0,1,0,0
27289,8925,0,1,0,0
27290,8925,0,1,0,0
27291,8925,0,1,0,0
27294,8925,0,1,0,0
27295,8925,0,1,0,0
27296,8928,0,1,0,0
27298,8934,0,1,0,0
27304,8938,0,1,0,0
27310,8938,0,1,0,0
27319,8943,0,1,0,0
27322,8944,0,1,0,0
27328,8948,0,1,0,0
27330,8948,0,1,0,0
27339,8948,0,1,0,0
27347,8948,0,1,0,0
27354,8949,0,1,0,0
27354,8947,0,1,0,0
27357,8948,0,1,0,0
27357,8948,0,1,0,0
27357,8952,0,1,0,0
27286,9031,0,1,0,0
27288,9031,0,1,0,0
27290,9028,0,1,0,0
27290,9029,0,1,0,0
27290,9028,0,1,0,0
27286,9027,0,1,0,0
27285,9026,0,1,0,0
27287,9027,0,1,0,0
27289,9030,0,1,0,0
27288,9031,0,1,0,0
27289,9030,0,1,0,0
27289,9030,0,1,0,0
27288,9034,0,1,0,0
27287,9034,0,1,0,0
27289,9031,0,1,0,0
27287,9030,0,1,0,0
27284,9032,0,1,0,0
27280,9034,0,1,0,0
27282,9037,0,1,0,0
27281,9042,0,1,0,0
27280,9047,0,1,0,0
27275,9051,0,1,0,0
27276,9055,0,1,0,0
27272,9061,0,1,0,0
27270,9063,0,1,0,0
27268,9066,0,1,0,0
27269,9071,0,1,0,0
27270,9072,0,1,0,0
27272,9073,0,1,0,0
27274,9070,0,1,0,0
27273,9068,0,1,0,0
27275,9069,0,1,0,0
27275,9069,0,1,0,0
27275,9070,0,1,0,0
27275,9069,0,1,0,0
27276,9070,0,1,0,0
27276,9070,0,1,0,0
27276,9073,0,1,0,0
27276,9074,0,1,0,0
27276,9077,0,1,0,0
27272,9081,0,1,0,0
27269,9082,0,1,0,0
27265,9084,0,1,0,0
27264,9086,0,1,0,0
27263,9087,0,1,0,0
27263,9087,0,1,0,0
27263,9086,0,1,0,0
27263,9085,0,1,0,0
27263,9085,0,1,0,0
27261,9086,0,1,0,0
27261,9088,0,1,0,0
27258,9091,0,1,0,0
27255,9094,0,1,0,0
27252,9099,0,1,0,0
27249,9103,0,1,0,0
27245,9107,0,1,0,0
27242,9113,0,1,0,0
27238,9118,0,1,0,0
27235,9124,0,1,0,0
27231,9130,0,1,0,0
27227,9137,0,1,0,0
27224,9143,0,1,0,0
27220,9148,0,1,0,0
27216,9153,0,1,0,0
27211,9159,0,1,0,0
27204,9164,0,1,0,0
27199,9168,0,1,0,0
27194,9169,0,1,0,0
27189,9169,0,1,0,0
27185,9171,0,1,0,0
27180,9176,0,1,0,0
27175,9177,0,1,0,0
27168,9176,0,1,0,0
27161,9178,0,1,0,0
27154,9177,0,1,0,0
27147,9179,0,1,0,0
27142,9181,0,1,0,0
27134,9184,0,1,0,0
27129,9187,0,1,0,0
27124,9189,0,1,0,0
27117,9190,0,1,0,0
27110,9193,0,1,0,0
27102,9196,0,1,0,0
27094,9198,0,1,0,0
27090,9206,0,1,0,0
27084,9210,0,1,0,0
27079,9214,0,1,0,0
27077,9221,0,1,0,0
27075,9223,0,1,0,0
27073,9230,0,1,0,0
27070,9235,0,1,0,0
27067,9241,0,1,0,0
27065,9247,0,1,0,0
27064,9253,0,1,0,0
27063,9260,0,1,0,0
27061,9269,0,1,0,0
27059,9275,0,1,0,0
27057,9284,0,1,0,0
27055,9289,0,1,0,0
27053,9290,0,1,0,0
27057,9298,0,1,0,0
27051,9302,0,1,0,0
27050,9308,0,1,0,0
27048,9311,0,1,0,0
27044,9316,0,1,0,0
27039,9320,0,1,0,0
27035,9323,0,1,0,0
27032,9327,0,1,0,0
27030,9329,0,1,0,0
27026,9330,0,1,0,0
27020,9333,0,1,0,0
27015,9333,0,1,0,0
27007,9334,0,1,0,0
27000,9336,0,1,0,0
26996,9339,0,1,0,0
26988,9343,0,1,0,0
26984,9346,0,1,0,0
26978,9350,0,1,0,0
26971,9353,0,1,0,0
26965,9357,0,1,0,0
26957,9357,0,1,0,0
26951,9359,0,1,0,0
26948,9360,0,1,0,0
26940,9363,0,1,0,0
26932,9364,0,1,0,0
26927,9364,0,1,0,0
26927,9367,0,1,0,0
26920,9368,0,1,0,0
26914,9369,0,1,0,0
26908,9369,0,1,0,0
26902,9370,0,1,0,0
26898,9369,0,1,0,0
26894,9367,0,1,0,0
26890,9366,0,1,0,0
26886,9364,0,1,0,0
26883,9363,0,1,0,0
26881,9362,0,1,0,0
26879,9364,0,1,0,0
26879,9363,0,1,0,0
26879,9363,0,1,0,0
26879,9364,0,1,0,0
26879,9364,0,1,0,0
26879,9364,0,1,0,0
26880,9363,0,1,0,0
26879,9362,0,1,0,0
26880,9362,0,1,0,0
26880,9362,0,1,0,0
26880,9362,0,1,0,0
26879,9364,0,1,0,0
26878,9365,0,1,0,0
26877,9367,0,1,0,0
26876,9369,0,1,0,0
26875,9370,0,1,0,0
26874,9372,0,1,0,0
26870,9374,0,1,0,0
26868,9377,0,1,0,0
26865,9380,0,1,0,0
26864,9383,0,1,0,0
26858,9386,0,1,0,0
26854,9390,0,1,0,0
26850,9389,0,1,0,0
26848,9390,0,1,0,0
26844,9392,0,1,0,0
26839,9393,0,1,0,0
26833,9396,0,1,0,0
26828,9400,0,1,0,0
26821,9405,0,1,0,0
26816,9410,0,1,0,0
26810,9415,0,1,0,0
26805,9418,0,1,0,0
26801,9421,0,1,0,0
26797,9425,0,1,0,0
26793,9429,0,1,0,0
26790,9434,0,1,0,0
26786,9439,0,1,0,0
26783,9444,0,1,0,0
26780,9449,0,1,0,0
26778,9456,0,1,0,0
26774,9463,0,1,0,0
26771,9469,0,1,0,0
26768,9475,0,1,0,0
26767,9483,0,1,0,0
26766,9490,0,1,0,0
26764,9496,0,1,0,0
26765,9504,0,1,0,0
26766,9511,0,1,0,0
26767,9517,0,1,0,0
26768,9522,0,1,0,0
26770,9527,0,1,0,0
26771,9529,0,1,0,0
26774,9533,0,1,0,0
26775,9538,0,1,0,0
26777,9543,0,1,0,0
26779,9550,0,1,0,0
26781,9553,0,1,0,0
26783,9560,0,1,0,0
26785,9566,0,1,0,0
26788,9571,0,1,0,0
26791,9577,0,1,0,0
26795,9577,0,1,0,0
26801,9585,0,1,0,0
26800,9589,0,1,0,0
26803,9596,0,1,0,0
26806,9603,0,1,0,0
26807,9610,0,1,0,0
26809,9619,0,1,0,0
26809,9627,0,1,0,0
26809,9634,0,1,0,0
26808,9643,0,1,0,0
26808,9650,0,1,0,0
26808,9660,0,1,0,0
26808,9669,0,1,0,0
26809,9678,0,1,0,0
26809,9687,0,1,0,0
26809,9696,0,1,0,0
26810,9705,0,1,0,0
26811,9713,0,1,0,0
26813,9721,0,1,0,0
26814,9730,0,1,0,0
26815,9737,0,1,0,0
26816,9745,0,1,0,0
26816,9752,0,1,0,0
26815,9761,0,1,0,0
26813,9769,0,1,0,0
26812,9776,0,1,0,0
26813,9784,0,1,0,0
26811,9791,0,1,0,0
26809,9799,0,1,0,0
26809,9808,0,1,0,0
26807,9818,0,1,0,0
26806,9826,0,1,0,0
26805,9835,0,1,0,0
26807,9844,0,1,0,0
26806,9849,0,1,0,0
26809,9852,0,1,0,0
26814,9854,0,1,0,0
26819,9861,0,1,0,0
26821,9867,0,1,0,0
26824,9872,0,1,0,0
26825,9878,0,1,0,0
26828,9885,0,1,0,0
26831,9893,0,1,0,0
26834,9901,0,1,0,0
26835,9908,0,1,0,0
26838,9916,0,1,0,0
26841,9922,0,1,0,0
26843,9929,0,1,0,0
26846,9935,0,1,0,0
26849,9943,0,1,0,0
26851,9951,0,1,0,0
26855,9959,0,1,0,0
26858,9966,0,1,0,0
26862,9973,0,1,0,0
26867,9983,0,1,0,0
26870,9989,0,1,0,0
26873,9997,0,1,0,0
26877,10004,0,1,0,0
26881,10011,0,1,0,0
26885,10018,0,1,0,0
26889,10026,0,1,0,0
26894,10033,0,1,0,0
26899,10041,0,1,0,0
26905,10049,0,1,0,0
26910,10059,0,1,0,0
26913,10066,0,1,0,0
26917,10075,0,1,0,0
26920,10086,0,1,0,0
26921,10094,0,1,0,0
26921,10103,0,1,0,0
26921,10112,0,1,0,0
26923,10120,0,1,0,0
26924,10128,0,1,0,0
26925,10138,0,1,0,0
26928,10145,0,1,0,0
26929,10152,0,1,0,0
26931,10159,0,1,0,0
26934,10166,0,1,0,0
26938,10171,0,1,0,0
26942,10179,0,1,0,0
26947,10185,0,1,0,0
26952,10191,0,1,0,0
26958,10198,0,1,0,0
26962,10206,0,1,0,0
26967,10214,0,1,0,0
26971,10224,0,1,0,0
26975,10231,0,1,0,0
26981,10237,0,1,0,0
26986,10243,0,1,0,0
26992,10251,0,1,0,0
26999,10256,0,1,0,0
27005,10261,0,1,0,0
27012,10266,0,1,0,0
27020,10271,0,1,0,0
27028,10274,0,1,0,0
27033,10279,0,1,0,0
27041,10284,0,1,0,0
27046,10290,0,1,0,0
27053,10296,0,1,0,0
27060,10303,0,1,0,0
27068,10308,0,1,0,0
27076,10313,0,1,0,0
27080,10320,0,1,0,0
27089,10327,0,1,0,0
27096,10332,0,1,0,0
27104,10336,0,1,0,0
27112,10340,0,1,0,0
27119,10343,0,1,0,0
27128,10347,0,1,0,0
27134,10351,0,1,0,0
27141,10357,0,1,0,0
27148,10363,0,1,0,0
27156,10369,0,1,0,0
27162,10374,0,1,0,0
27170,10381,0,1,0,0
27177,10386,0,1,0,0
27184,10390,0,1,0,0
27190,10394,0,1,0,0
27199,10400,0,1,0,0
27207,10405,0,1,0,0
27216,10408,0,1,0,0
27224,10413,0,1,0,0
27233,10417,0,1,0,0
27242,10422,0,1,0,0
27250,10428,0,1,0,0
27256,10435,0,1,0,0
27264,10441,0,1,0,0
27270,10448,0,1,0,0
27277,10454,0,1,0,0
27283,10464,0,1,0,0
27289,10469,0,1,0,0
27295,10475,0,1,0,0
27301,10481,0,1,0,0
27308,10487,0,1,0,0
27314,10493,0,1,0,0
27320,10496,0,1,0,0
27328,10500,0,1,0,0
27336,10503,0,1,0,0
27345,10505,0,1,0,0
27354,10509,0,1,0,0
27364,10512,0,1,0,0
27372,10515,0,1,0,0
27381,10518,0,1,0,0
27391,10522,0,1,0,0
27400,10527,0,1,0,0
27408,10531,0,1,0,0
27416,10537,0,1,0,0
27424,10542,0,1,0,0
27433,10547,0,1,0,0
27441,10552,0,1,0,0
27448,10558,0,1,0,0
27456,10562,0,1,0,0
27463,10568,0,1,0,0
27470,10573,0,1,0,0
27478,10579,0,1,0,0
27484,10583,0,1,0,0
27492,10588,0,1,0,0
27499,10593,0,1,0,0
27507,10598,0,1,0,0
27515,10604,0,1,0,0
27522,10609,0,1,0,0
27529,10614,0,1,0,0
27538,10619,0,1,0,0
27545,10624,0,1,0,0
27551,10629,0,1,0,0
27561,10634,0,1,0,0
27568,10639,0,1,0,0
27576,10643,0,1,0,0
27586,10647,0,1,0,0
27595,10650,0,1,0,0
27603,10654,0,1,0,0
27611,10659,0,1,0,0
27619,10662,0,1,0,0
27626,10666,0,1,0,0
27633,10671,0,1,0,0
27640,10676,0,1,0,0
27644,10684,0,1,0,0
27648,10692,0,1,0,0
27653,10698,0,1,0,0
27657,10705,0,1,0,0
27663,10711,0,1,0,0
27667,10718,0,1,0,0
27674,10728,0,1,0,0
27678,10733,0,1,0,0
27683,10741,0,1,0,0
27687,10745,0,1,0,0
27692,10751,0,1,0,0
27697,10758,0,1,0,0
27703,10764,0,1,0,0
27706,10767,0,1,0,0
27713,10777,0,1,0,0
27719,10783,0,1,0,0
27726,10792,0,1,0,0
27731,10799,0,1,0,0
27735,10806,0,1,0,0
27738,10810,0,1,0,0
27743,10818,0,1,0,0
27745,10822,0,1,0,0
27747,10826,0,1,0,0
27748,10830,0,1,0,0
27749,10834,0,1,0,0
27751,10839,0,1,0,0
27758,10843,0,1,0,0
27763,10851,0,1,0,0
27768,10858,0,1,0,0
27772,10863,0,1,0,0
27779,10869,0,1,0,0
27785,10876,0,1,0,0
27791,10882,0,1,0,0
27796,10887,0,1,0,0
27803,10891,0,1,0,0
27809,10898,0,1,0,0
27814,10903,0,1,0,0
27818,10910,0,1,0,0
27824,10916,0,1,0,0
27827,10923,0,1,0,0
27832,10929,0,1,0,0
27836,10936,0,1,0,0
27842,10944,0,1,0,0
27845,10952,0,1,0,0
27848,10957,0,1,0,0
27852,10962,0,1,0,0
27857,10966,0,1,0,0
27862,10971,0,1,0,0
27866,10973,0,1,0,0
27868,10975,0,1,0,0
27870,10978,0,1,0,0
27871,10982,0,1,0,0
27873,10986,0,1,0,0
27873,10989,0,1,0,0
27873,10993,0,1,0,0
27871,10996,0,1,0,0
27871,11002,0,1,0,0
27872,11007,0,1,0,0
27874,11006,0,1,0,0
27872,11010,0,1,0,0
27873,11009,0,1,0,0
27872,11012,0,1,0,0
27873,11014,0,1,0,0
27875,11013,0,1,0,0
27877,11013,0,1,0,0
27881,11012,0,1,0,0
27881,11015,0,1,0,0
27882,11014,0,1,0,0
27883,11013,0,1,0,0
27884,11014,0,1,0,0
27885,11018,0,1,0,0
27887,11019,0,1,0,0
27888,11021,0,1,0,0
27888,11026,0,1,0,0
27889,11031,0,1,0,0
27891,11035,0,1,0,0
27892,11035,0,1,0,0
27893,11038,0,1,0,0
27897,11040,0,1,0,0
27901,11039,0,1,0,0
27904,11040,0,1,0,0
27905,11038,0,1,0,0
27905,11036,0,1,0,0
27907,11035,0,1,0,0
27907,11032,0,1,0,0
27910,11032,0,1,0,0
27910,11030,0,1,0,0
27913,11030,0,1,0,0
27916,11029,0,1,0,0
27918,11029,0,1,0,0
27917,11027,0,1,0,0
27917,11024,0,1,0,0
27918,11022,0,1,0,0
27921,11021,0,1,0,0
27924,11023,0,1,0,0
27924,11022,0,1,0,0
27925,11019,0,1,0,0
27926,11017,0,1,0,0
27932,11017,0,1,0,0
27939,11016,0,1,0,0
27940,11012,0,1,0,0
27944,11012,0,1,0,0
27947,11012,0,1,0,0
27949,11011,0,1,0,0
27952,11012,0,1,0,0
27957,11009,0,1,0,0
27961,11006,0,1,0,0
27960,11002,0,1,0,0
27960,11002,0,1,0,0
27960,10999,0,1,0,0
27960,10995,0,1,0,0
27960,10997,0,1,0,0
27959,10998,0,1,0,0
27962,11002,0,1,0,0
27967,11003,0,1,0,0
27969,11007,0,1,0,0
27972,11009,0,1,0,0
27976,11012,0,1,0,0
27976,11011,0,1,0,0
27974,11009,0,1,0,0
27978,11008,0,1,0,0
27979,11009,0,1,0,0
27984,11009,0,1,0,0
27988,11008,0,1,0,0
27991,11008,0,1,0,0
27995,11008,0,1,0,0
27997,11009,0,1,0,0
27997,11012,0,1,0,0
28002,11014,0,1,0,0
28004,11017,0,1,0,0
28008,11018,0,1,0,0
28013,11020,0,1,0,0
28019,11018,0,1,0,0
28026,11016,0,1,0,0
28028,11017,0,1,0,0
28030,11015,0,1,0,0
28031,11013,0,1,0,0
28029,11011,0,1,0,0
28028,11010,0,1,0,0
28026,11009,0,1,0,0
28024,11006,0,1,0,0
28024,11004,0,1,0,0
28025,11000,0,1,0,0
28027,10997,0,1,0,0
28027,10996,0,1,0,0
28030,10996,0,1,0,0
28031,10998,0,1,0,0
28030,10997,0,1,0,0
28029,10997,0,1,0,0
28028,10997,0,1,0,0
28027,10995,0,1,0,0
28025,10994,0,1,0,0
28026,10993,0,1,0,0
28025,10990,0,1,0,0
28025,10987,0,1,0,0
28024,10985,0,1,0,0
28026,10984,0,1,0,0
28026,10980,0,1,0,0
28025,10976,0,1,0,0
28025,10973,0,1,0,0
28026,10968,0,1,0,0
28028,10963,0,1,0,0
28029,10961,0,1,0,0
28031,10959,0,1,0,0
28030,10957,0,1,0,0
28028,10957,0,1,0,0
28029,10956,0,1,0,0
28027,10953,0,1,0,0
28029,10953,0,1,0,0
28029,10951,0,1,0,0
28028,10949,0,1,0,0
28026,10948,0,1,0,0
28028,10945,0,1,0,0
28030,10945,0,1,0,0
28034,10943,0,1,0,0
28035,10941,0,1,0,0
28033,10938,0,1,0,0
28032,10936,0,1,0,0
28033,10936,0,1,0,0
28034,10933,0,1,0,0
28036,10931,0,1,0,0
28037,10928,0,1,0,0
28041,10923,0,1,0,0
28045,10919,0,1,0,0
28049,10914,0,1,0,0
28051,10910,0,1,0,0
28054,10908,0,1,0,0
28056,10909,0,1,0,0
28056,10910,0,1,0,0
28054,10911,0,1,0,0
28057,10914,0,1,0,0
28057,10911,0,1,0,0
